[{"change-chained": -0.4, "change-current": 6.4, "date": "1947-04-01", "level-chained": 1932.3, "level-current": 246.3},{"change-chained": 6.4, "change-current": 17.3, "date": "1947-07-01", "level-chained": 1930.3, "level-current": 250.1},{"change-chained": 6.0, "change-current": 9.3, "date": "1947-10-01", "level-chained": 1960.7, "level-current": 260.3},{"change-chained": 6.7, "change-current": 10.5, "date": "1948-01-01", "level-chained": 1989.5, "level-current": 266.2},{"change-chained": 2.3, "change-current": 10.0, "date": "1948-04-01", "level-chained": 2021.9, "level-current": 272.9},{"change-chained": 0.4, "change-current": 1.7, "date": "1948-07-01", "level-chained": 2033.2, "level-current": 279.5},{"change-chained": -5.4, "change-current": -7.3, "date": "1948-10-01", "level-chained": 2035.3, "level-current": 280.7},{"change-chained": -1.3, "change-current": -5.2, "date": "1949-01-01", "level-chained": 2007.5, "level-current": 275.4},{"change-chained": 4.5, "change-current": 2.3, "date": "1949-04-01", "level-chained": 2000.8, "level-current": 271.7},{"change-chained": -3.5, "change-current": -3.3, "date": "1949-07-01", "level-chained": 2022.8, "level-current": 273.3},{"change-chained": 16.9, "change-current": 16.0, "date": "1949-10-01", "level-chained": 2004.7, "level-current": 271.0},{"change-chained": 12.7, "change-current": 14.3, "date": "1950-01-01", "level-chained": 2084.6, "level-current": 281.2},{"change-chained": 16.3, "change-current": 26.8, "date": "1950-04-01", "level-chained": 2147.6, "level-current": 290.7},{"change-chained": 8.0, "change-current": 16.2, "date": "1950-07-01", "level-chained": 2230.4, "level-current": 308.5},{"change-chained": 5.6, "change-current": 21.6, "date": "1950-10-01", "level-chained": 2273.4, "level-current": 320.3},{"change-chained": 7.1, "change-current": 10.0, "date": "1951-01-01", "level-chained": 2304.5, "level-current": 336.4},{"change-chained": 8.5, "change-current": 8.8, "date": "1951-04-01", "level-chained": 2344.5, "level-current": 344.5},{"change-chained": 0.9, "change-current": 5.6, "date": "1951-07-01", "level-chained": 2392.8, "level-current": 351.8},{"change-chained": 4.3, "change-current": 4.1, "date": "1951-10-01", "level-chained": 2398.1, "level-current": 356.6},{"change-chained": 0.8, "change-current": 1.4, "date": "1952-01-01", "level-chained": 2423.5, "level-current": 360.2},{"change-chained": 2.9, "change-current": 7.6, "date": "1952-04-01", "level-chained": 2428.5, "level-current": 361.4},{"change-chained": 13.8, "change-current": 15.1, "date": "1952-07-01", "level-chained": 2446.1, "level-current": 368.1},{"change-chained": 7.7, "change-current": 7.8, "date": "1952-10-01", "level-chained": 2526.4, "level-current": 381.2},{"change-chained": 3.2, "change-current": 4.0, "date": "1953-01-01", "level-chained": 2573.4, "level-current": 388.5},{"change-chained": -2.2, "change-current": -0.6, "date": "1953-04-01", "level-chained": 2593.5, "level-current": 392.3},{"change-chained": -5.9, "change-current": -5.2, "date": "1953-07-01", "level-chained": 2578.9, "level-current": 391.7},{"change-chained": -1.8, "change-current": -0.6, "date": "1953-10-01", "level-chained": 2539.8, "level-current": 386.5},{"change-chained": 0.4, "change-current": 0.8, "date": "1954-01-01", "level-chained": 2528.0, "level-current": 385.9},{"change-chained": 4.6, "change-current": 5.1, "date": "1954-04-01", "level-chained": 2530.7, "level-current": 386.7},{"change-chained": 8.0, "change-current": 9.2, "date": "1954-07-01", "level-chained": 2559.4, "level-current": 391.6},{"change-chained": 11.9, "change-current": 14.1, "date": "1954-10-01", "level-chained": 2609.3, "level-current": 400.3},{"change-chained": 6.7, "change-current": 8.4, "date": "1955-01-01", "level-chained": 2683.8, "level-current": 413.8},{"change-chained": 5.5, "change-current": 8.5, "date": "1955-04-01", "level-chained": 2727.5, "level-current": 422.2},{"change-chained": 2.4, "change-current": 6.5, "date": "1955-07-01", "level-chained": 2764.1, "level-current": 430.9},{"change-chained": -1.5, "change-current": 2.5, "date": "1955-10-01", "level-chained": 2780.8, "level-current": 437.8},{"change-chained": 3.4, "change-current": 5.8, "date": "1956-01-01", "level-chained": 2770.0, "level-current": 440.5},{"change-chained": -0.3, "change-current": 4.7, "date": "1956-04-01", "level-chained": 2792.9, "level-current": 446.8},{"change-chained": 6.7, "change-current": 8.5, "date": "1956-07-01", "level-chained": 2790.6, "level-current": 452.0},{"change-chained": 2.6, "change-current": 8.3, "date": "1956-10-01", "level-chained": 2836.2, "level-current": 461.3},{"change-chained": -0.9, "change-current": 1.9, "date": "1957-01-01", "level-chained": 2854.5, "level-current": 470.6},{"change-chained": 4.0, "change-current": 6.5, "date": "1957-04-01", "level-chained": 2848.2, "level-current": 472.8},{"change-chained": -4.0, "change-current": -3.8, "date": "1957-07-01", "level-chained": 2875.9, "level-current": 480.3},{"change-chained": -10.0, "change-current": -6.0, "date": "1957-10-01", "level-chained": 2846.4, "level-current": 475.7},{"change-chained": 2.6, "change-current": 3.8, "date": "1958-01-01", "level-chained": 2772.7, "level-current": 468.4},{"change-chained": 9.6, "change-current": 12.3, "date": "1958-04-01", "level-chained": 2790.9, "level-current": 472.8},{"change-chained": 9.7, "change-current": 11.8, "date": "1958-07-01", "level-chained": 2855.5, "level-current": 486.7},{"change-chained": 7.7, "change-current": 8.8, "date": "1958-10-01", "level-chained": 2922.3, "level-current": 500.4},{"change-chained": 10.1, "change-current": 10.7, "date": "1959-01-01", "level-chained": 2976.6, "level-current": 511.1},{"change-chained": -0.8, "change-current": 0.7, "date": "1959-04-01", "level-chained": 3049.0, "level-current": 524.2},{"change-chained": 1.6, "change-current": 3.2, "date": "1959-07-01", "level-chained": 3043.1, "level-current": 525.2},{"change-chained": 9.2, "change-current": 11.0, "date": "1959-10-01", "level-chained": 3055.1, "level-current": 529.3},{"change-chained": -1.5, "change-current": -0.5, "date": "1960-01-01", "level-chained": 3123.2, "level-current": 543.3},{"change-chained": 1.0, "change-current": 2.5, "date": "1960-04-01", "level-chained": 3111.3, "level-current": 542.7},{"change-chained": -4.8, "change-current": -3.6, "date": "1960-07-01", "level-chained": 3119.1, "level-current": 546.0},{"change-chained": 2.7, "change-current": 3.7, "date": "1960-10-01", "level-chained": 3081.3, "level-current": 541.1},{"change-chained": 7.6, "change-current": 8.7, "date": "1961-01-01", "level-chained": 3102.3, "level-current": 545.9},{"change-chained": 6.8, "change-current": 8.0, "date": "1961-04-01", "level-chained": 3159.9, "level-current": 557.4},{"change-chained": 8.3, "change-current": 9.8, "date": "1961-07-01", "level-chained": 3212.6, "level-current": 568.2},{"change-chained": 7.4, "change-current": 9.7, "date": "1961-10-01", "level-chained": 3277.7, "level-current": 581.6},{"change-chained": 4.4, "change-current": 5.1, "date": "1962-01-01", "level-chained": 3336.8, "level-current": 595.2},{"change-chained": 3.9, "change-current": 4.7, "date": "1962-04-01", "level-chained": 3372.7, "level-current": 602.6},{"change-chained": 1.6, "change-current": 2.4, "date": "1962-07-01", "level-chained": 3404.8, "level-current": 609.6},{"change-chained": 4.5, "change-current": 6.4, "date": "1962-10-01", "level-chained": 3418.0, "level-current": 613.1},{"change-chained": 5.3, "change-current": 6.0, "date": "1963-01-01", "level-chained": 3456.1, "level-current": 622.7},{"change-chained": 8.0, "change-current": 8.6, "date": "1963-04-01", "level-chained": 3501.1, "level-current": 631.8},{"change-chained": 2.9, "change-current": 6.3, "date": "1963-07-01", "level-chained": 3569.5, "level-current": 645.0},{"change-chained": 8.9, "change-current": 10.3, "date": "1963-10-01", "level-chained": 3595.0, "level-current": 654.8},{"change-chained": 4.8, "change-current": 5.9, "date": "1964-01-01", "level-chained": 3672.7, "level-current": 671.1},{"change-chained": 5.5, "change-current": 7.3, "date": "1964-04-01", "level-chained": 3716.4, "level-current": 680.8},{"change-chained": 1.4, "change-current": 3.3, "date": "1964-07-01", "level-chained": 3766.9, "level-current": 692.8},{"change-chained": 10.2, "change-current": 12.5, "date": "1964-10-01", "level-chained": 3780.2, "level-current": 698.4},{"change-chained": 5.6, "change-current": 7.5, "date": "1965-01-01", "level-chained": 3873.5, "level-current": 719.2},{"change-chained": 8.4, "change-current": 10.1, "date": "1965-04-01", "level-chained": 3926.4, "level-current": 732.4},{"change-chained": 9.8, "change-current": 12.8, "date": "1965-07-01", "level-chained": 4006.2, "level-current": 750.2},{"change-chained": 10.2, "change-current": 13.1, "date": "1965-10-01", "level-chained": 4100.6, "level-current": 773.1},{"change-chained": 1.6, "change-current": 5.0, "date": "1966-01-01", "level-chained": 4201.9, "level-current": 797.3},{"change-chained": 2.9, "change-current": 6.9, "date": "1966-04-01", "level-chained": 4219.1, "level-current": 807.2},{"change-chained": 3.5, "change-current": 7.0, "date": "1966-07-01", "level-chained": 4249.2, "level-current": 820.8},{"change-chained": 3.7, "change-current": 5.5, "date": "1966-10-01", "level-chained": 4285.6, "level-current": 834.9},{"change-chained": 0.3, "change-current": 2.4, "date": "1967-01-01", "level-chained": 4324.9, "level-current": 846.0},{"change-chained": 3.5, "change-current": 7.5, "date": "1967-04-01", "level-chained": 4328.7, "level-current": 851.1},{"change-chained": 3.2, "change-current": 7.9, "date": "1967-07-01", "level-chained": 4366.1, "level-current": 866.6},{"change-chained": 8.4, "change-current": 13.3, "date": "1967-10-01", "level-chained": 4401.2, "level-current": 883.2},{"change-chained": 6.9, "change-current": 11.5, "date": "1968-01-01", "level-chained": 4490.6, "level-current": 911.1},{"change-chained": 2.9, "change-current": 7.0, "date": "1968-04-01", "level-chained": 4566.4, "level-current": 936.3},{"change-chained": 1.8, "change-current": 7.7, "date": "1968-07-01", "level-chained": 4599.3, "level-current": 952.3},{"change-chained": 6.4, "change-current": 10.8, "date": "1968-10-01", "level-chained": 4619.8, "level-current": 970.1},{"change-chained": 1.3, "change-current": 6.6, "date": "1969-01-01", "level-chained": 4691.6, "level-current": 995.4},{"change-chained": 2.5, "change-current": 8.4, "date": "1969-04-01", "level-chained": 4706.7, "level-current": 1011.4},{"change-chained": -1.7, "change-current": 3.4, "date": "1969-07-01", "level-chained": 4736.1, "level-current": 1032.0},{"change-chained": -0.7, "change-current": 5.0, "date": "1969-10-01", "level-chained": 4715.5, "level-current": 1040.7},{"change-chained": 0.7, "change-current": 6.4, "date": "1970-01-01", "level-chained": 4707.1, "level-current": 1053.5},{"change-chained": 3.6, "change-current": 7.0, "date": "1970-04-01", "level-chained": 4715.4, "level-current": 1070.1},{"change-chained": -4.0, "change-current": 1.1, "date": "1970-07-01", "level-chained": 4757.2, "level-current": 1088.5},{"change-chained": 11.1, "change-current": 18.1, "date": "1970-10-01", "level-chained": 4708.3, "level-current": 1091.5},{"change-chained": 2.3, "change-current": 7.8, "date": "1971-01-01", "level-chained": 4834.3, "level-current": 1137.8},{"change-chained": 3.2, "change-current": 7.4, "date": "1971-04-01", "level-chained": 4861.9, "level-current": 1159.4},{"change-chained": 1.2, "change-current": 4.6, "date": "1971-07-01", "level-chained": 4900.0, "level-current": 1180.3},{"change-chained": 7.4, "change-current": 14.2, "date": "1971-10-01", "level-chained": 4914.3, "level-current": 1193.6},{"change-chained": 9.6, "change-current": 12.3, "date": "1972-01-01", "level-chained": 5002.4, "level-current": 1233.8},{"change-chained": 3.7, "change-current": 7.7, "date": "1972-04-01", "level-chained": 5118.3, "level-current": 1270.1},{"change-chained": 6.8, "change-current": 12.3, "date": "1972-07-01", "level-chained": 5165.4, "level-current": 1293.8},{"change-chained": 10.2, "change-current": 15.4, "date": "1972-10-01", "level-chained": 5251.2, "level-current": 1332.0},{"change-chained": 4.6, "change-current": 11.1, "date": "1973-01-01", "level-chained": 5380.5, "level-current": 1380.7},{"change-chained": -2.2, "change-current": 5.5, "date": "1973-04-01", "level-chained": 5441.5, "level-current": 1417.6},{"change-chained": 3.8, "change-current": 12.3, "date": "1973-07-01", "level-chained": 5411.9, "level-current": 1436.8},{"change-chained": -3.3, "change-current": 4.3, "date": "1973-10-01", "level-chained": 5462.4, "level-current": 1479.1},{"change-chained": 1.1, "change-current": 11.0, "date": "1974-01-01", "level-chained": 5417.0, "level-current": 1494.7},{"change-chained": -3.8, "change-current": 7.8, "date": "1974-04-01", "level-chained": 5431.3, "level-current": 1534.2},{"change-chained": -1.6, "change-current": 10.5, "date": "1974-07-01", "level-chained": 5378.7, "level-current": 1563.4},{"change-chained": -4.7, "change-current": 4.2, "date": "1974-10-01", "level-chained": 5357.2, "level-current": 1603.0},{"change-chained": 3.1, "change-current": 9.4, "date": "1975-01-01", "level-chained": 5292.4, "level-current": 1619.6},{"change-chained": 6.8, "change-current": 14.6, "date": "1975-04-01", "level-chained": 5333.2, "level-current": 1656.4},{"change-chained": 5.5, "change-current": 12.7, "date": "1975-07-01", "level-chained": 5421.4, "level-current": 1713.8},{"change-chained": 9.3, "change-current": 14.0, "date": "1975-10-01", "level-chained": 5494.4, "level-current": 1765.9},{"change-chained": 3.1, "change-current": 7.3, "date": "1976-01-01", "level-chained": 5618.5, "level-current": 1824.5},{"change-chained": 2.1, "change-current": 7.4, "date": "1976-04-01", "level-chained": 5661.0, "level-current": 1856.9},{"change-chained": 3.0, "change-current": 10.5, "date": "1976-07-01", "level-chained": 5689.8, "level-current": 1890.5},{"change-chained": 4.7, "change-current": 11.6, "date": "1976-10-01", "level-chained": 5732.5, "level-current": 1938.4},{"change-chained": 8.1, "change-current": 14.3, "date": "1977-01-01", "level-chained": 5799.2, "level-current": 1992.5},{"change-chained": 7.3, "change-current": 12.6, "date": "1977-04-01", "level-chained": 5913.0, "level-current": 2060.2},{"change-chained": 0.0, "change-current": 9.0, "date": "1977-07-01", "level-chained": 6017.6, "level-current": 2122.4},{"change-chained": 1.4, "change-current": 7.6, "date": "1977-10-01", "level-chained": 6018.2, "level-current": 2168.7},{"change-chained": 16.5, "change-current": 25.2, "date": "1978-01-01", "level-chained": 6039.2, "level-current": 2208.7},{"change-chained": 4.0, "change-current": 11.1, "date": "1978-04-01", "level-chained": 6274.0, "level-current": 2336.6},{"change-chained": 5.5, "change-current": 14.6, "date": "1978-07-01", "level-chained": 6335.3, "level-current": 2398.9},{"change-chained": 0.8, "change-current": 8.2, "date": "1978-10-01", "level-chained": 6420.3, "level-current": 2482.2},{"change-chained": 0.5, "change-current": 10.6, "date": "1979-01-01", "level-chained": 6433.0, "level-current": 2531.6},{"change-chained": 2.9, "change-current": 12.0, "date": "1979-04-01", "level-chained": 6440.8, "level-current": 2595.9},{"change-chained": 1.0, "change-current": 9.3, "date": "1979-07-01", "level-chained": 6487.1, "level-current": 2670.4},{"change-chained": 1.3, "change-current": 10.0, "date": "1979-10-01", "level-chained": 6503.9, "level-current": 2730.7},{"change-chained": -7.9, "change-current": 0.5, "date": "1980-01-01", "level-chained": 6524.9, "level-current": 2796.5},{"change-chained": -0.6, "change-current": 8.9, "date": "1980-04-01", "level-chained": 6392.6, "level-current": 2799.9},{"change-chained": 7.6, "change-current": 20.0, "date": "1980-07-01", "level-chained": 6382.9, "level-current": 2860.0},{"change-chained": 8.5, "change-current": 19.8, "date": "1980-10-01", "level-chained": 6501.2, "level-current": 2993.5},{"change-chained": -2.9, "change-current": 4.6, "date": "1981-01-01", "level-chained": 6635.7, "level-current": 3131.8},{"change-chained": 4.7, "change-current": 12.4, "date": "1981-04-01", "level-chained": 6587.3, "level-current": 3167.3},{"change-chained": -4.6, "change-current": 2.8, "date": "1981-07-01", "level-chained": 6662.9, "level-current": 3261.2},{"change-chained": -6.5, "change-current": -1.2, "date": "1981-10-01", "level-chained": 6585.1, "level-current": 3283.5},{"change-chained": 2.2, "change-current": 7.2, "date": "1982-01-01", "level-chained": 6475.0, "level-current": 3273.8},{"change-chained": -1.4, "change-current": 4.4, "date": "1982-04-01", "level-chained": 6510.2, "level-current": 3331.3},{"change-chained": 0.4, "change-current": 4.9, "date": "1982-07-01", "level-chained": 6486.8, "level-current": 3367.1},{"change-chained": 5.3, "change-current": 8.8, "date": "1982-10-01", "level-chained": 6493.1, "level-current": 3407.8},{"change-chained": 9.4, "change-current": 12.4, "date": "1983-01-01", "level-chained": 6578.2, "level-current": 3480.3},{"change-chained": 8.1, "change-current": 12.7, "date": "1983-04-01", "level-chained": 6728.3, "level-current": 3583.8},{"change-chained": 8.5, "change-current": 11.7, "date": "1983-07-01", "level-chained": 6860.0, "level-current": 3692.3},{"change-chained": 8.2, "change-current": 12.9, "date": "1983-10-01", "level-chained": 7001.5, "level-current": 3796.1},{"change-chained": 7.2, "change-current": 10.9, "date": "1984-01-01", "level-chained": 7140.6, "level-current": 3912.8},{"change-chained": 4.0, "change-current": 7.4, "date": "1984-04-01", "level-chained": 7266.0, "level-current": 4015.0},{"change-chained": 3.2, "change-current": 6.0, "date": "1984-07-01", "level-chained": 7337.5, "level-current": 4087.4},{"change-chained": 4.0, "change-current": 8.9, "date": "1984-10-01", "level-chained": 7396.0, "level-current": 4147.6},{"change-chained": 3.7, "change-current": 6.3, "date": "1985-01-01", "level-chained": 7469.5, "level-current": 4237.0},{"change-chained": 6.4, "change-current": 8.9, "date": "1985-04-01", "level-chained": 7537.9, "level-current": 4302.3},{"change-chained": 3.0, "change-current": 5.4, "date": "1985-07-01", "level-chained": 7655.2, "level-current": 4394.6},{"change-chained": 3.8, "change-current": 5.8, "date": "1985-10-01", "level-chained": 7712.6, "level-current": 4453.1},{"change-chained": 1.9, "change-current": 3.5, "date": "1986-01-01", "level-chained": 7784.1, "level-current": 4516.3},{"change-chained": 4.1, "change-current": 5.8, "date": "1986-04-01", "level-chained": 7819.8, "level-current": 4555.2},{"change-chained": 2.1, "change-current": 4.4, "date": "1986-07-01", "level-chained": 7898.6, "level-current": 4619.6},{"change-chained": 2.8, "change-current": 5.8, "date": "1986-10-01", "level-chained": 7939.5, "level-current": 4669.4},{"change-chained": 4.6, "change-current": 7.4, "date": "1987-01-01", "level-chained": 7995.0, "level-current": 4736.2},{"change-chained": 3.7, "change-current": 6.7, "date": "1987-04-01", "level-chained": 8084.7, "level-current": 4821.5},{"change-chained": 6.8, "change-current": 10.4, "date": "1987-07-01", "level-chained": 8158.0, "level-current": 4900.5},{"change-chained": 2.3, "change-current": 5.5, "date": "1987-10-01", "level-chained": 8292.7, "level-current": 5022.7},{"change-chained": 5.4, "change-current": 9.5, "date": "1988-01-01", "level-chained": 8339.3, "level-current": 5090.6},{"change-chained": 2.3, "change-current": 7.2, "date": "1988-04-01", "level-chained": 8449.5, "level-current": 5207.7},{"change-chained": 5.4, "change-current": 8.8, "date": "1988-07-01", "level-chained": 8498.3, "level-current": 5299.5},{"change-chained": 4.1, "change-current": 8.7, "date": "1988-10-01", "level-chained": 8610.9, "level-current": 5412.7},{"change-chained": 3.2, "change-current": 7.5, "date": "1989-01-01", "level-chained": 8697.7, "level-current": 5527.4},{"change-chained": 3.0, "change-current": 6.0, "date": "1989-04-01", "level-chained": 8766.1, "level-current": 5628.4},{"change-chained": 0.9, "change-current": 3.7, "date": "1989-07-01", "level-chained": 8831.5, "level-current": 5711.6},{"change-chained": 4.5, "change-current": 9.1, "date": "1989-10-01", "level-chained": 8850.2, "level-current": 5763.4},{"change-chained": 1.6, "change-current": 5.8, "date": "1990-01-01", "level-chained": 8947.1, "level-current": 5890.8},{"change-chained": 0.1, "change-current": 3.7, "date": "1990-04-01", "level-chained": 8981.7, "level-current": 5974.7},{"change-chained": -3.4, "change-current": -0.4, "date": "1990-07-01", "level-chained": 8983.9, "level-current": 6029.5},{"change-chained": -1.9, "change-current": 2.1, "date": "1990-10-01", "level-chained": 8907.4, "level-current": 6023.3},{"change-chained": 3.1, "change-current": 6.0, "date": "1991-01-01", "level-chained": 8865.6, "level-current": 6054.9},{"change-chained": 1.9, "change-current": 5.0, "date": "1991-04-01", "level-chained": 8934.4, "level-current": 6143.6},{"change-chained": 1.8, "change-current": 4.0, "date": "1991-07-01", "level-chained": 8977.3, "level-current": 6218.4},{"change-chained": 4.8, "change-current": 6.6, "date": "1991-10-01", "level-chained": 9016.4, "level-current": 6279.3},{"change-chained": 4.5, "change-current": 7.2, "date": "1992-01-01", "level-chained": 9123.0, "level-current": 6380.8},{"change-chained": 3.9, "change-current": 5.9, "date": "1992-04-01", "level-chained": 9223.5, "level-current": 6492.3},{"change-chained": 4.1, "change-current": 6.9, "date": "1992-07-01", "level-chained": 9313.2, "level-current": 6586.5},{"change-chained": 0.8, "change-current": 3.1, "date": "1992-10-01", "level-chained": 9406.5, "level-current": 6697.6},{"change-chained": 2.4, "change-current": 4.9, "date": "1993-01-01", "level-chained": 9424.1, "level-current": 6748.2},{"change-chained": 2.0, "change-current": 4.4, "date": "1993-04-01", "level-chained": 9480.1, "level-current": 6829.6},{"change-chained": 5.4, "change-current": 7.7, "date": "1993-07-01", "level-chained": 9526.3, "level-current": 6904.2},{"change-chained": 4.0, "change-current": 6.0, "date": "1993-10-01", "level-chained": 9653.5, "level-current": 7032.8},{"change-chained": 5.6, "change-current": 7.7, "date": "1994-01-01", "level-chained": 9748.2, "level-current": 7136.3},{"change-chained": 2.4, "change-current": 4.6, "date": "1994-04-01", "level-chained": 9881.4, "level-current": 7269.8},{"change-chained": 4.6, "change-current": 6.9, "date": "1994-07-01", "level-chained": 9939.7, "level-current": 7352.3},{"change-chained": 1.4, "change-current": 3.7, "date": "1994-10-01", "level-chained": 10052.5, "level-current": 7476.7},{"change-chained": 1.4, "change-current": 3.2, "date": "1995-01-01", "level-chained": 10086.9, "level-current": 7545.3},{"change-chained": 3.5, "change-current": 5.5, "date": "1995-04-01", "level-chained": 10122.1, "level-current": 7604.9},{"change-chained": 2.9, "change-current": 4.9, "date": "1995-07-01", "level-chained": 10208.8, "level-current": 7706.5},{"change-chained": 2.7, "change-current": 4.9, "date": "1995-10-01", "level-chained": 10281.2, "level-current": 7799.5},{"change-chained": 7.2, "change-current": 8.8, "date": "1996-01-01", "level-chained": 10348.7, "level-current": 7893.1},{"change-chained": 3.7, "change-current": 4.9, "date": "1996-04-01", "level-chained": 10529.4, "level-current": 8061.5},{"change-chained": 4.3, "change-current": 6.4, "date": "1996-07-01", "level-chained": 10626.8, "level-current": 8159.0},{"change-chained": 3.1, "change-current": 5.7, "date": "1996-10-01", "level-chained": 10739.1, "level-current": 8287.1},{"change-chained": 6.2, "change-current": 7.3, "date": "1997-01-01", "level-chained": 10820.9, "level-current": 8402.1},{"change-chained": 5.2, "change-current": 6.7, "date": "1997-04-01", "level-chained": 10984.2, "level-current": 8551.9},{"change-chained": 3.1, "change-current": 4.5, "date": "1997-07-01", "level-chained": 11124.0, "level-current": 8691.8},{"change-chained": 4.0, "change-current": 4.7, "date": "1997-10-01", "level-chained": 11210.3, "level-current": 8788.3},{"change-chained": 3.9, "change-current": 4.8, "date": "1998-01-01", "level-chained": 11321.2, "level-current": 8889.7},{"change-chained": 5.3, "change-current": 6.9, "date": "1998-04-01", "level-chained": 11431.0, "level-current": 8994.7},{"change-chained": 6.7, "change-current": 8.1, "date": "1998-07-01", "level-chained": 11580.6, "level-current": 9146.5},{"change-chained": 3.2, "change-current": 5.3, "date": "1998-10-01", "level-chained": 11770.7, "level-current": 9325.7},{"change-chained": 3.3, "change-current": 4.7, "date": "1999-01-01", "level-chained": 11864.7, "level-current": 9447.1},{"change-chained": 5.1, "change-current": 6.7, "date": "1999-04-01", "level-chained": 11962.5, "level-current": 9557.0},{"change-chained": 7.1, "change-current": 9.1, "date": "1999-07-01", "level-chained": 12113.1, "level-current": 9712.3},{"change-chained": 1.2, "change-current": 4.3, "date": "1999-10-01", "level-chained": 12323.3, "level-current": 9926.1},{"change-chained": 7.8, "change-current": 10.2, "date": "2000-01-01", "level-chained": 12359.1, "level-current": 10031.0},{"change-chained": 0.5, "change-current": 3.1, "date": "2000-04-01", "level-chained": 12592.5, "level-current": 10278.3},{"change-chained": 2.3, "change-current": 4.5, "date": "2000-07-01", "level-chained": 12607.7, "level-current": 10357.4},{"change-chained": -1.1, "change-current": 1.4, "date": "2000-10-01", "level-chained": 12679.3, "level-current": 10472.3},{"change-chained": 2.1, "change-current": 5.1, "date": "2001-01-01", "level-chained": 12643.3, "level-current": 10508.1},{"change-chained": -1.3, "change-current": 0.0, "date": "2001-04-01", "level-chained": 12710.3, "level-current": 10638.4},{"change-chained": 1.1, "change-current": 2.3, "date": "2001-07-01", "level-chained": 12670.1, "level-current": 10639.5},{"change-chained": 3.7, "change-current": 5.1, "date": "2001-10-01", "level-chained": 12705.3, "level-current": 10701.3},{"change-chained": 2.2, "change-current": 3.8, "date": "2002-01-01", "level-chained": 12822.3, "level-current": 10834.4},{"change-chained": 2.0, "change-current": 3.8, "date": "2002-04-01", "level-chained": 12893.0, "level-current": 10934.8},{"change-chained": 0.3, "change-current": 2.4, "date": "2002-07-01", "level-chained": 12955.8, "level-current": 11037.1},{"change-chained": 2.1, "change-current": 4.6, "date": "2002-10-01", "level-chained": 12964.0, "level-current": 11103.8},{"change-chained": 3.8, "change-current": 5.1, "date": "2003-01-01", "level-chained": 13031.2, "level-current": 11230.1},{"change-chained": 6.9, "change-current": 9.3, "date": "2003-04-01", "level-chained": 13152.1, "level-current": 11370.7},{"change-chained": 4.8, "change-current": 6.8, "date": "2003-07-01", "level-chained": 13372.4, "level-current": 11625.1},{"change-chained": 2.3, "change-current": 5.9, "date": "2003-10-01", "level-chained": 13528.7, "level-current": 11816.8},{"change-chained": 3.0, "change-current": 6.6, "date": "2004-01-01", "level-chained": 13606.5, "level-current": 11988.4},{"change-chained": 3.7, "change-current": 6.3, "date": "2004-04-01", "level-chained": 13706.2, "level-current": 12181.4},{"change-chained": 3.5, "change-current": 6.4, "date": "2004-07-01", "level-chained": 13830.8, "level-current": 12367.7},{"change-chained": 4.3, "change-current": 8.3, "date": "2004-10-01", "level-chained": 13950.4, "level-current": 12562.2},{"change-chained": 2.1, "change-current": 5.1, "date": "2005-01-01", "level-chained": 14099.1, "level-current": 12813.7},{"change-chained": 3.4, "change-current": 7.3, "date": "2005-04-01", "level-chained": 14172.7, "level-current": 12974.1},{"change-chained": 2.3, "change-current": 5.4, "date": "2005-07-01", "level-chained": 14291.8, "level-current": 13205.4},{"change-chained": 4.9, "change-current": 8.2, "date": "2005-10-01", "level-chained": 14373.4, "level-current": 13381.6},{"change-chained": 1.2, "change-current": 4.5, "date": "2006-01-01", "level-chained": 14546.1, "level-current": 13648.9},{"change-chained": 0.4, "change-current": 3.2, "date": "2006-04-01", "level-chained": 14589.6, "level-current": 13799.8},{"change-chained": 3.2, "change-current": 4.6, "date": "2006-07-01", "level-chained": 14602.6, "level-current": 13908.5},{"change-chained": 0.2, "change-current": 4.8, "date": "2006-10-01", "level-chained": 14716.9, "level-current": 14066.4},{"change-chained": 3.1, "change-current": 5.4, "date": "2007-01-01", "level-chained": 14726.0, "level-current": 14233.2},{"change-chained": 2.7, "change-current": 4.2, "date": "2007-04-01", "level-chained": 14838.7, "level-current": 14422.3},{"change-chained": 1.4, "change-current": 3.2, "date": "2007-07-01", "level-chained": 14938.5, "level-current": 14569.7},{"change-chained": -2.7, "change-current": -0.5, "date": "2007-10-01", "level-chained": 14991.8, "level-current": 14685.3},{"change-chained": 2.0, "change-current": 4.0, "date": "2008-01-01", "level-chained": 14889.5, "level-current": 14668.4},{"change-chained": -1.9, "change-current": 0.8, "date": "2008-04-01", "level-chained": 14963.4, "level-current": 14813.0},{"change-chained": -8.2, "change-current": -7.7, "date": "2008-07-01", "level-chained": 14891.6, "level-current": 14843.0},{"change-chained": -5.4, "change-current": -4.5, "date": "2008-10-01", "level-chained": 14577.0, "level-current": 14549.9},{"change-chained": -0.5, "change-current": -1.2, "date": "2009-01-01", "level-chained": 14375.0, "level-current": 14383.9},{"change-chained": 1.3, "change-current": 1.2, "date": "2009-04-01", "level-chained": 14355.6, "level-current": 14340.4},{"change-chained": 3.9, "change-current": 5.2, "date": "2009-07-01", "level-chained": 14402.5, "level-current": 14384.1},{"change-chained": 1.7, "change-current": 3.2, "date": "2009-10-01", "level-chained": 14541.9, "level-current": 14566.5},{"change-chained": 3.9, "change-current": 5.8, "date": "2010-01-01", "level-chained": 14604.8, "level-current": 14681.1},{"change-chained": 2.7, "change-current": 4.6, "date": "2010-04-01", "level-chained": 14745.9, "level-current": 14888.6},{"change-chained": 2.5, "change-current": 4.7, "date": "2010-07-01", "level-chained": 14845.5, "level-current": 15057.7},{"change-chained": -1.5, "change-current": 0.2, "date": "2010-10-01", "level-chained": 14939.0, "level-current": 15230.2},{"change-chained": 2.9, "change-current": 6.0, "date": "2011-01-01", "level-chained": 14881.3, "level-current": 15238.4},{"change-chained": 0.8, "change-current": 3.3, "date": "2011-04-01", "level-chained": 14989.6, "level-current": 15460.9},{"change-chained": 4.6, "change-current": 5.2, "date": "2011-07-01", "level-chained": 15021.1, "level-current": 15587.1},{"change-chained": 2.7, "change-current": 4.9, "date": "2011-10-01", "level-chained": 15190.3, "level-current": 15785.3},{"change-chained": 1.9, "change-current": 3.8, "date": "2012-01-01", "level-chained": 15291.0, "level-current": 15973.9},{"change-chained": 0.5, "change-current": 2.7, "date": "2012-04-01", "level-chained": 15362.4, "level-current": 16121.9},{"change-chained": 0.1, "change-current": 1.7, "date": "2012-07-01", "level-chained": 15380.8, "level-current": 16227.9},{"change-chained": 2.8, "change-current": 4.4, "date": "2012-10-01", "level-chained": 15384.3, "level-current": 16297.3},{"change-chained": 0.8, "change-current": 1.6, "date": "2013-01-01", "level-chained": 15491.9, "level-current": 16475.4},{"change-chained": 3.1, "change-current": 5.1, "date": "2013-04-01", "level-chained": 15521.6, "level-current": 16541.4},{"change-chained": 4.0, "change-current": 6.1, "date": "2013-07-01", "level-chained": 15641.3, "level-current": 16749.3},{"change-chained": -0.9, "change-current": 0.7, "date": "2013-10-01", "level-chained": 15793.9, "level-current": 16999.9},{"change-chained": 4.6, "change-current": 7.0, "date": "2014-01-01", "level-chained": 15757.6, "level-current": 17031.3},{"change-chained": 5.2, "change-current": 7.1, "date": "2014-04-01", "level-chained": 15935.8, "level-current": 17320.9},{"change-chained": 2.0, "change-current": 2.6, "date": "2014-07-01", "level-chained": 16139.5, "level-current": 17622.3},{"change-chained": 3.2, "change-current": 3.2, "date": "2014-10-01", "level-chained": 16220.2, "level-current": 17735.9},{"change-chained": 2.7, "change-current": 5.0, "date": "2015-01-01", "level-chained": 16350.0, "level-current": 17874.7},{"change-chained": 1.6, "change-current": 3.0, "date": "2015-04-01", "level-chained": 16460.9, "level-current": 18093.2},{"change-chained": 0.5, "change-current": 1.3, "date": "2015-07-01", "level-chained": 16527.6, "level-current": 18227.7},{"change-chained": 0.6, "change-current": 0.8, "date": "2015-10-01", "level-chained": 16547.6, "level-current": 18287.2},{"change-chained": 2.2, "change-current": 4.7, "date": "2016-01-01", "level-chained": 16571.6, "level-current": 18325.2},{"change-chained": 2.8, "change-current": 4.2, "date": "2016-04-01", "level-chained": 16663.5, "level-current": 18538.0},{"change-chained": 1.8, "change-current": 3.8, "date": "2016-07-01", "level-chained": 16778.1, "level-current": 18729.1},{"change-chained": 1.2, "change-current": 3.3, "date": "2016-10-01", "level-chained": 16851.4, "level-current": 18905.5},{"change-chained": 3.1, "change-current": 4.1, "date": "2017-01-01", "level-chained": 16903.2, "level-current": 19057.7},{"change-chained": 3.0, "change-current": 5.2, "date": "2017-04-01", "level-chained": 17031.1, "level-current": 19250.0}]