[{"change-chained": -6.4, "change-current": -16.0, "date": 1930, "level-chained": 966.7, "level-current": 92.2},{"change-chained": -12.9, "change-current": -23.1, "date": 1931, "level-chained": 904.8, "level-current": 77.4},{"change-chained": -1.3, "change-current": -4.0, "date": 1932, "level-chained": 788.2, "level-current": 59.5},{"change-chained": 10.8, "change-current": 16.9, "date": 1933, "level-chained": 778.3, "level-current": 57.2},{"change-chained": 8.9, "change-current": 11.1, "date": 1934, "level-chained": 862.2, "level-current": 66.8},{"change-chained": 12.9, "change-current": 14.3, "date": 1935, "level-chained": 939.0, "level-current": 74.3},{"change-chained": 5.1, "change-current": 9.6, "date": 1936, "level-chained": 1060.5, "level-current": 84.9},{"change-chained": -3.3, "change-current": -6.1, "date": 1937, "level-chained": 1114.6, "level-current": 93.0},{"change-chained": 8.0, "change-current": 7.0, "date": 1938, "level-chained": 1077.7, "level-current": 87.4},{"change-chained": 8.8, "change-current": 10.1, "date": 1939, "level-chained": 1163.6, "level-current": 93.5},{"change-chained": 17.7, "change-current": 25.7, "date": 1940, "level-chained": 1266.1, "level-current": 102.9},{"change-chained": 18.9, "change-current": 28.3, "date": 1941, "level-chained": 1490.3, "level-current": 129.4},{"change-chained": 17.0, "change-current": 22.4, "date": 1942, "level-chained": 1771.8, "level-current": 166.0},{"change-chained": 8.0, "change-current": 10.5, "date": 1943, "level-chained": 2073.7, "level-current": 203.1},{"change-chained": -1.0, "change-current": 1.6, "date": 1944, "level-chained": 2239.4, "level-current": 224.6},{"change-chained": -11.6, "change-current": -0.2, "date": 1945, "level-chained": 2217.8, "level-current": 228.2},{"change-chained": -1.1, "change-current": 9.7, "date": 1946, "level-chained": 1960.9, "level-current": 227.8},{"change-chained": 4.1, "change-current": 9.9, "date": 1947, "level-chained": 1939.4, "level-current": 249.9},{"change-chained": -0.5, "change-current": -0.7, "date": 1948, "level-chained": 2020.0, "level-current": 274.8},{"change-chained": 8.7, "change-current": 10.0, "date": 1949, "level-chained": 2008.9, "level-current": 272.8},{"change-chained": 8.1, "change-current": 15.7, "date": 1950, "level-chained": 2184.0, "level-current": 300.2},{"change-chained": 4.1, "change-current": 5.9, "date": 1951, "level-chained": 2360.0, "level-current": 347.3},{"change-chained": 4.7, "change-current": 6.0, "date": 1952, "level-chained": 2456.1, "level-current": 367.7},{"change-chained": -0.6, "change-current": 0.4, "date": 1953, "level-chained": 2571.4, "level-current": 389.7},{"change-chained": 7.1, "change-current": 9.0, "date": 1954, "level-chained": 2556.9, "level-current": 391.1},{"change-chained": 2.1, "change-current": 5.6, "date": 1955, "level-chained": 2739.0, "level-current": 426.2},{"change-chained": 2.1, "change-current": 5.5, "date": 1956, "level-chained": 2797.4, "level-current": 450.1},{"change-chained": -0.7, "change-current": 1.5, "date": 1957, "level-chained": 2856.3, "level-current": 474.9},{"change-chained": 6.9, "change-current": 8.4, "date": 1958, "level-chained": 2835.3, "level-current": 482.0},{"change-chained": 2.6, "change-current": 4.0, "date": 1959, "level-chained": 3031.0, "level-current": 522.5},{"change-chained": 2.6, "change-current": 3.7, "date": 1960, "level-chained": 3108.7, "level-current": 543.3},{"change-chained": 6.1, "change-current": 7.4, "date": 1961, "level-chained": 3188.1, "level-current": 563.3},{"change-chained": 4.4, "change-current": 5.5, "date": 1962, "level-chained": 3383.1, "level-current": 605.1},{"change-chained": 5.8, "change-current": 7.4, "date": 1963, "level-chained": 3530.4, "level-current": 638.6},{"change-chained": 6.5, "change-current": 8.4, "date": 1964, "level-chained": 3734.0, "level-current": 685.8},{"change-chained": 6.6, "change-current": 9.6, "date": 1965, "level-chained": 3976.7, "level-current": 743.7},{"change-chained": 2.7, "change-current": 5.7, "date": 1966, "level-chained": 4238.9, "level-current": 815.0},{"change-chained": 4.9, "change-current": 9.4, "date": 1967, "level-chained": 4355.2, "level-current": 861.7},{"change-chained": 3.1, "change-current": 8.2, "date": 1968, "level-chained": 4569.0, "level-current": 942.5},{"change-chained": 0.2, "change-current": 5.5, "date": 1969, "level-chained": 4712.5, "level-current": 1019.9},{"change-chained": 3.3, "change-current": 8.5, "date": 1970, "level-chained": 4722.0, "level-current": 1075.9},{"change-chained": 5.2, "change-current": 9.8, "date": 1971, "level-chained": 4877.6, "level-current": 1167.8},{"change-chained": 5.6, "change-current": 11.4, "date": 1972, "level-chained": 5134.3, "level-current": 1282.4},{"change-chained": -0.5, "change-current": 8.4, "date": 1973, "level-chained": 5424.1, "level-current": 1428.5},{"change-chained": -0.2, "change-current": 9.0, "date": 1974, "level-chained": 5396.0, "level-current": 1548.8},{"change-chained": 5.4, "change-current": 11.2, "date": 1975, "level-chained": 5385.4, "level-current": 1688.9},{"change-chained": 4.6, "change-current": 11.1, "date": 1976, "level-chained": 5675.4, "level-current": 1877.6},{"change-chained": 5.6, "change-current": 13.0, "date": 1977, "level-chained": 5937.0, "level-current": 2086.0},{"change-chained": 3.2, "change-current": 11.7, "date": 1978, "level-chained": 6267.2, "level-current": 2356.6},{"change-chained": -0.2, "change-current": 8.8, "date": 1979, "level-chained": 6466.2, "level-current": 2632.1},{"change-chained": 2.6, "change-current": 12.2, "date": 1980, "level-chained": 6450.4, "level-current": 2862.5},{"change-chained": -1.9, "change-current": 4.2, "date": 1981, "level-chained": 6617.7, "level-current": 3211.0},{"change-chained": 4.6, "change-current": 8.8, "date": 1982, "level-chained": 6491.3, "level-current": 3345.0},{"change-chained": 7.3, "change-current": 11.1, "date": 1983, "level-chained": 6792.0, "level-current": 3638.1},{"change-chained": 4.2, "change-current": 7.6, "date": 1984, "level-chained": 7285.0, "level-current": 4040.7},{"change-chained": 3.5, "change-current": 5.6, "date": 1985, "level-chained": 7593.8, "level-current": 4346.7},{"change-chained": 3.5, "change-current": 6.1, "date": 1986, "level-chained": 7860.5, "level-current": 4590.2},{"change-chained": 4.2, "change-current": 7.9, "date": 1987, "level-chained": 8132.6, "level-current": 4870.2},{"change-chained": 3.7, "change-current": 7.7, "date": 1988, "level-chained": 8474.5, "level-current": 5252.6},{"change-chained": 1.9, "change-current": 5.7, "date": 1989, "level-chained": 8786.4, "level-current": 5657.7},{"change-chained": -0.1, "change-current": 3.3, "date": 1990, "level-chained": 8955.0, "level-current": 5979.6},{"change-chained": 3.6, "change-current": 5.9, "date": 1991, "level-chained": 8948.4, "level-current": 6174.0},{"change-chained": 2.7, "change-current": 5.2, "date": 1992, "level-chained": 9266.6, "level-current": 6539.3},{"change-chained": 4.0, "change-current": 6.3, "date": 1993, "level-chained": 9521.0, "level-current": 6878.7},{"change-chained": 2.7, "change-current": 4.9, "date": 1994, "level-chained": 9905.4, "level-current": 7308.8},{"change-chained": 3.8, "change-current": 5.7, "date": 1995, "level-chained": 10174.8, "level-current": 7664.1},{"change-chained": 4.5, "change-current": 6.3, "date": 1996, "level-chained": 10561.0, "level-current": 8100.2},{"change-chained": 4.5, "change-current": 5.6, "date": 1997, "level-chained": 11034.9, "level-current": 8608.5},{"change-chained": 4.7, "change-current": 6.3, "date": 1998, "level-chained": 11525.9, "level-current": 9089.2},{"change-chained": 4.1, "change-current": 6.5, "date": 1999, "level-chained": 12065.9, "level-current": 9660.6},{"change-chained": 1.0, "change-current": 3.3, "date": 2000, "level-chained": 12559.7, "level-current": 10284.8},{"change-chained": 1.8, "change-current": 3.3, "date": 2001, "level-chained": 12682.2, "level-current": 10621.8},{"change-chained": 2.8, "change-current": 4.9, "date": 2002, "level-chained": 12908.8, "level-current": 10977.5},{"change-chained": 3.8, "change-current": 6.6, "date": 2003, "level-chained": 13271.1, "level-current": 11510.7},{"change-chained": 3.3, "change-current": 6.7, "date": 2004, "level-chained": 13773.5, "level-current": 12274.9},{"change-chained": 2.7, "change-current": 5.8, "date": 2005, "level-chained": 14234.2, "level-current": 13093.7},{"change-chained": 1.8, "change-current": 4.5, "date": 2006, "level-chained": 14613.8, "level-current": 13855.9},{"change-chained": -0.3, "change-current": 1.7, "date": 2007, "level-chained": 14873.7, "level-current": 14477.6},{"change-chained": -2.8, "change-current": -2.0, "date": 2008, "level-chained": 14830.4, "level-current": 14718.6},{"change-chained": 2.5, "change-current": 3.8, "date": 2009, "level-chained": 14418.7, "level-current": 14418.7},{"change-chained": 1.6, "change-current": 3.7, "date": 2010, "level-chained": 14783.8, "level-current": 14964.4},{"change-chained": 2.2, "change-current": 4.1, "date": 2011, "level-chained": 15020.6, "level-current": 15517.9},{"change-chained": 1.7, "change-current": 3.3, "date": 2012, "level-chained": 15354.6, "level-current": 16155.3},{"change-chained": 2.6, "change-current": 4.4, "date": 2013, "level-chained": 15612.2, "level-current": 16691.5},{"change-chained": 2.9, "change-current": 4.0, "date": 2014, "level-chained": 16013.3, "level-current": 17427.6},{"change-chained": 1.5, "change-current": 2.8, "date": 2015, "level-chained": 16471.5, "level-current": 18120.7}]