YEAR,MONTH,DAY,DAY_OF_WEEK,AIRLINE,FLIGHT_NUMBER,TAIL_NUMBER,ORIGIN_AIRPORT,DESTINATION_AIRPORT,SCHEDULED_DEPARTURE,DEPARTURE_TIME,DEPARTURE_DELAY,TAXI_OUT,WHEELS_OFF,SCHEDULED_TIME,ELAPSED_TIME,AIR_TIME,DISTANCE,WHEELS_ON,TAXI_IN,SCHEDULED_ARRIVAL,ARRIVAL_TIME,ARRIVAL_DELAY,DIVERTED,CANCELLED,CANCELLATION_REASON,AIR_SYSTEM_DELAY,SECURITY_DELAY,AIRLINE_DELAY,LATE_AIRCRAFT_DELAY,WEATHER_DELAY
2015,1,1,4,AS,98,N407AS,ANC,SEA,5,2354.0,-11.0,21.0,15.0,205,194.0,169.0,1448,404.0,4.0,430,408.0,-22.0,0,0,,,,,,
2015,1,1,4,AS,135,N527AS,SEA,ANC,25,24.0,-1.0,11.0,35.0,235,215.0,199.0,1448,254.0,5.0,320,259.0,-21.0,0,0,,,,,,
2015,1,1,4,AS,108,N309AS,ANC,SEA,45,41.0,-4.0,17.0,58.0,204,194.0,173.0,1448,451.0,4.0,509,455.0,-14.0,0,0,,,,,,
2015,1,1,4,AS,122,N413AS,ANC,PDX,50,46.0,-4.0,11.0,57.0,215,201.0,187.0,1542,504.0,3.0,525,507.0,-18.0,0,0,,,,,,
2015,1,1,4,AS,130,N457AS,FAI,SEA,115,107.0,-8.0,25.0,132.0,213,218.0,186.0,1533,538.0,7.0,548,545.0,-3.0,0,0,,,,,,
2015,1,1,4,AS,136,N431AS,ANC,SEA,135,,,,,205,,,1448,,,600,,,0,1,A,,,,,
2015,1,1,4,AS,134,N464AS,ANC,SEA,155,140.0,-15.0,17.0,157.0,218,198.0,170.0,1448,547.0,11.0,633,558.0,-35.0,0,0,,,,,,
2015,1,1,4,AS,144,N514AS,ANC,PDX,200,150.0,-10.0,24.0,214.0,210,209.0,182.0,1542,616.0,3.0,630,619.0,-11.0,0,0,,,,,,
2015,1,1,4,AS,114,N303AS,ANC,SEA,220,209.0,-11.0,15.0,224.0,200,199.0,176.0,1448,620.0,8.0,640,628.0,-12.0,0,0,,,,,,
2015,1,1,4,AS,695,N607AS,GEG,SEA,500,456.0,-4.0,22.0,518.0,70,74.0,39.0,224,557.0,13.0,610,610.0,0.0,0,0,,,,,,
2015,1,1,4,AS,730,N423AS,ANC,SEA,505,457.0,-8.0,16.0,513.0,205,199.0,179.0,1448,912.0,4.0,930,916.0,-14.0,0,0,,,,,,
2015,1,1,4,AS,81,N577AS,SEA,ANC,600,557.0,-3.0,25.0,622.0,234,224.0,195.0,1448,837.0,4.0,854,841.0,-13.0,0,0,,,,,,
2015,1,1,4,AS,162,N792AS,FAI,ANC,600,544.0,-16.0,26.0,610.0,73,80.0,44.0,261,654.0,10.0,713,704.0,-9.0,0,0,,,,,,
2015,1,1,4,AS,200,N767AS,SEA,SJC,600,550.0,-10.0,21.0,611.0,123,124.0,99.0,697,750.0,4.0,803,754.0,-9.0,0,0,,,,,,
2015,1,1,4,AS,342,N440AS,SEA,OAK,600,555.0,-5.0,11.0,606.0,119,108.0,92.0,671,738.0,5.0,759,743.0,-16.0,0,0,,,,,,
2015,1,1,4,AS,406,N589AS,PDX,SJC,600,555.0,-5.0,8.0,603.0,102,94.0,82.0,569,725.0,4.0,742,729.0,-13.0,0,0,,,,,,
2015,1,1,4,AS,477,N453AS,LAX,SEA,600,555.0,-5.0,21.0,616.0,170,166.0,141.0,954,837.0,4.0,850,841.0,-9.0,0,0,,,,,,
2015,1,1,4,AS,631,N512AS,PHX,SEA,600,555.0,-5.0,10.0,605.0,175,168.0,151.0,1107,736.0,7.0,755,743.0,-12.0,0,0,,,,,,
2015,1,1,4,AS,683,N618AS,DEN,SEA,600,549.0,-11.0,16.0,605.0,190,167.0,137.0,1024,722.0,14.0,810,736.0,-34.0,0,0,,,,,,
2015,1,1,4,AS,699,N532AS,GEG,SEA,600,558.0,-2.0,23.0,621.0,75,80.0,42.0,224,703.0,15.0,715,718.0,3.0,0,0,,,,,,
2015,1,1,4,AS,320,N622AS,SEA,SFO,605,602.0,-3.0,21.0,623.0,125,125.0,97.0,679,800.0,7.0,810,807.0,-3.0,0,0,,,,,,
2015,1,1,4,AS,602,N407AS,SEA,LAS,605,602.0,-3.0,23.0,625.0,140,143.0,115.0,867,820.0,5.0,825,825.0,0.0,0,0,,,,,,
2015,1,1,4,AS,345,N469AS,OAK,SEA,610,608.0,-2.0,13.0,621.0,119,113.0,95.0,671,756.0,5.0,809,801.0,-8.0,0,0,,,,,,
2015,1,1,4,AS,454,N442AS,SEA,LAX,610,611.0,1.0,19.0,630.0,155,150.0,122.0,954,832.0,9.0,845,841.0,-4.0,0,0,,,,,,
2015,1,1,4,AS,504,N627AS,SEA,SNA,615,609.0,-6.0,22.0,631.0,155,156.0,129.0,978,840.0,5.0,850,845.0,-5.0,0,0,,,,,,
2015,1,1,4,AS,545,N519AS,ONT,SEA,620,613.0,-7.0,12.0,625.0,160,157.0,135.0,956,840.0,10.0,900,850.0,-10.0,0,0,,,,,,
2015,1,1,4,AS,124,N593AS,FAI,SEA,625,614.0,-11.0,29.0,643.0,205,220.0,188.0,1533,1051.0,3.0,1050,1054.0,4.0,0,0,,,,,,
2015,1,1,4,AS,157,N762AS,ANC,OTZ,630,622.0,-8.0,17.0,639.0,102,100.0,78.0,548,757.0,5.0,812,802.0,-10.0,0,0,,,,,,
2015,1,1,4,AS,499,N551AS,SAN,SEA,630,627.0,-3.0,16.0,643.0,180,174.0,145.0,1050,908.0,13.0,930,921.0,-9.0,0,0,,,,,,
2015,1,1,4,AS,573,N467AS,SAN,PDX,630,624.0,-6.0,17.0,641.0,160,158.0,136.0,933,857.0,5.0,910,902.0,-8.0,0,0,,,,,,
2015,1,1,4,AS,240,N569AS,SEA,SAN,635,629.0,-6.0,24.0,653.0,163,161.0,133.0,1050,906.0,4.0,918,910.0,-8.0,0,0,,,,,,
2015,1,1,4,AS,576,N323AS,PDX,SAN,635,628.0,-7.0,14.0,642.0,139,134.0,117.0,933,839.0,3.0,854,842.0,-12.0,0,0,,,,,,
2015,1,1,4,AS,724,N612AS,SEA,SLC,635,625.0,-10.0,24.0,649.0,121,121.0,93.0,689,922.0,4.0,936,926.0,-10.0,0,0,,,,,,
2015,1,1,4,AS,548,N306AS,BLI,SEA,640,632.0,-8.0,26.0,658.0,37,59.0,26.0,93,724.0,7.0,717,731.0,14.0,0,0,,,,,,
2015,1,1,4,AS,558,N307AS,PDX,LAX,640,643.0,3.0,10.0,653.0,144,136.0,110.0,834,843.0,16.0,904,859.0,-5.0,0,0,,,,,,
2015,1,1,4,AS,560,N435AS,SEA,PSP,640,636.0,-4.0,12.0,648.0,152,140.0,124.0,987,852.0,4.0,912,856.0,-16.0,0,0,,,,,,
2015,1,1,4,AS,569,N471AS,LAX,PDX,640,639.0,-1.0,16.0,655.0,150,144.0,124.0,834,859.0,4.0,910,903.0,-7.0,0,0,,,,,,
2015,1,1,4,AS,662,N302AS,SEA,DFW,640,633.0,-7.0,18.0,651.0,222,239.0,211.0,1660,1222.0,10.0,1222,1232.0,10.0,0,0,,,,,,
2015,1,1,4,AS,709,N769AS,SLC,SJC,640,747.0,67.0,28.0,815.0,123,106.0,75.0,584,830.0,3.0,743,833.0,50.0,0,0,,0.0,0.0,0.0,0.0,50.0
2015,1,1,4,AS,321,N613AS,SJC,SEA,650,647.0,-3.0,8.0,655.0,124,113.0,100.0,697,835.0,5.0,854,840.0,-14.0,0,0,,,,,,
2015,1,1,4,AS,582,N611AS,PDX,SNA,650,649.0,-1.0,9.0,658.0,139,130.0,117.0,859,855.0,4.0,909,859.0,-10.0,0,0,,,,,,
2015,1,1,4,AS,629,N626AS,LAS,PDX,650,637.0,-13.0,14.0,651.0,136,131.0,114.0,763,845.0,3.0,906,848.0,-18.0,0,0,,,,,,
2015,1,1,4,AS,805,N588AS,SEA,SMF,650,644.0,-6.0,14.0,658.0,110,102.0,80.0,605,818.0,8.0,840,826.0,-14.0,0,0,,,,,,
2015,1,1,4,AS,17,N419AS,EWR,SEA,700,701.0,1.0,13.0,714.0,371,374.0,356.0,2402,1010.0,5.0,1011,1015.0,4.0,0,0,,,,,,
2015,1,1,4,AS,39,N459AS,MSP,SEA,700,655.0,-5.0,13.0,708.0,225,216.0,197.0,1399,825.0,6.0,845,831.0,-14.0,0,0,,,,,,
2015,1,1,4,AS,112,N527AS,ANC,SEA,700,653.0,-7.0,16.0,709.0,210,202.0,179.0,1448,1108.0,7.0,1130,1115.0,-15.0,0,0,,,,,,
2015,1,1,4,AS,311,N705AS,PSP,SFO,700,651.0,-9.0,10.0,701.0,95,85.0,67.0,421,808.0,8.0,835,816.0,-19.0,0,0,,,,,,
2015,1,1,4,AS,313,N703AS,SFO,SEA,700,651.0,-9.0,18.0,709.0,120,121.0,97.0,679,846.0,6.0,900,852.0,-8.0,0,0,,,,,,
2015,1,1,4,AS,405,N565AS,SJC,PDX,700,655.0,-5.0,12.0,707.0,105,105.0,88.0,569,835.0,5.0,845,840.0,-5.0,0,0,,,,,,
2015,1,1,4,AS,415,N413AS,PDX,SEA,700,658.0,-2.0,22.0,720.0,50,61.0,28.0,129,748.0,11.0,750,759.0,9.0,0,0,,,,,,
2015,1,1,4,AS,445,N579AS,LAX,SEA,700,655.0,-5.0,15.0,710.0,170,160.0,139.0,954,929.0,6.0,950,935.0,-15.0,0,0,,,,,,
2015,1,1,4,AS,466,N309AS,SEA,LAX,700,656.0,-4.0,30.0,726.0,165,163.0,124.0,954,930.0,9.0,945,939.0,-6.0,0,0,,,,,,
2015,1,1,4,AS,519,N614AS,SNA,SEA,700,645.0,-15.0,23.0,708.0,180,175.0,147.0,978,935.0,5.0,1000,940.0,-20.0,0,0,,,,,,
2015,1,1,4,AS,531,N529AS,BUR,SEA,700,904.0,124.0,10.0,914.0,150,146.0,132.0,937,1126.0,4.0,930,1130.0,120.0,0,0,,0.0,0.0,0.0,0.0,120.0
2015,1,1,4,AS,615,N320AS,LAS,SEA,700,659.0,-1.0,15.0,714.0,154,148.0,126.0,867,920.0,7.0,934,927.0,-7.0,0,0,,,,,,
2015,1,1,4,AS,663,N536AS,PHX,PDX,700,653.0,-7.0,9.0,702.0,168,155.0,142.0,1009,824.0,4.0,848,828.0,-20.0,0,0,,,,,,
2015,1,1,4,AS,722,N403AS,SLC,LAX,700,717.0,17.0,24.0,741.0,125,113.0,82.0,590,803.0,7.0,805,810.0,5.0,0,0,,,,,,
2015,1,1,4,AS,833,N566AS,PDX,HNL,700,657.0,-3.0,15.0,712.0,370,356.0,336.0,2603,1048.0,5.0,1110,1053.0,-17.0,0,0,,,,,,
2015,1,1,4,AS,847,N558AS,SAN,OGG,700,656.0,-4.0,19.0,715.0,357,385.0,362.0,2541,1117.0,4.0,1057,1121.0,24.0,0,0,,24.0,0.0,0.0,0.0,0.0
2015,1,1,4,AS,883,N531AS,OAK,LIH,700,649.0,-11.0,12.0,701.0,344,337.0,320.0,2457,1021.0,5.0,1044,1026.0,-18.0,0,0,,,,,,
2015,1,1,4,AS,55,N508AS,ANC,SCC,710,706.0,-4.0,15.0,721.0,106,102.0,85.0,627,846.0,2.0,856,848.0,-8.0,0,0,,,,,,
2015,1,1,4,AS,530,N457AS,SEA,ONT,710,709.0,-1.0,10.0,719.0,144,137.0,123.0,956,922.0,4.0,934,926.0,-8.0,0,0,,,,,,
2015,1,1,4,AS,367,N708AS,SMF,SEA,715,710.0,-5.0,30.0,740.0,125,124.0,90.0,605,910.0,4.0,920,914.0,-6.0,0,0,,,,,,
2015,1,1,4,AS,61,N788AS,SEA,JNU,720,730.0,10.0,11.0,741.0,165,144.0,129.0,909,850.0,4.0,905,854.0,-11.0,0,0,,,,,,
2015,1,1,4,AS,222,N315AS,SEA,SFO,720,728.0,8.0,23.0,751.0,129,147.0,99.0,679,930.0,25.0,929,955.0,26.0,0,0,,18.0,0.0,8.0,0.0,0.0
2015,1,1,4,AS,855,N557AS,PDX,KOA,720,712.0,-8.0,17.0,729.0,373,363.0,342.0,2607,1111.0,4.0,1133,1115.0,-18.0,0,0,,,,,,
2015,1,1,4,AS,865,N516AS,OAK,OGG,720,739.0,19.0,14.0,753.0,329,339.0,322.0,2349,1115.0,3.0,1049,1118.0,29.0,0,0,,10.0,0.0,19.0,0.0,0.0
2015,1,1,4,AS,60,N796AS,JNU,KTN,723,719.0,-4.0,35.0,754.0,67,79.0,40.0,234,834.0,4.0,830,838.0,8.0,0,0,,,,,,
2015,1,1,4,AS,244,N319AS,PDX,SFO,725,724.0,-1.0,9.0,733.0,124,100.0,82.0,550,855.0,9.0,929,904.0,-25.0,0,0,,,,,,
2015,1,1,4,AS,612,N525AS,SEA,LAS,725,723.0,-2.0,32.0,755.0,141,157.0,116.0,867,951.0,9.0,946,1000.0,14.0,0,0,,,,,,
2015,1,1,4,AS,634,N409AS,SEA,PHX,725,725.0,0.0,23.0,748.0,166,172.0,144.0,1107,1112.0,5.0,1111,1117.0,6.0,0,0,,,,,,
2015,1,1,4,AS,65,N713AS,SEA,KTN,735,747.0,12.0,21.0,808.0,136,128.0,103.0,680,851.0,4.0,851,855.0,4.0,0,0,,,,,,
2015,1,1,4,AS,73,N799AS,JNU,ANC,735,723.0,-12.0,56.0,819.0,110,152.0,91.0,571,950.0,5.0,925,955.0,30.0,0,0,,30.0,0.0,0.0,0.0,0.0
2015,1,1,4,AS,676,N607AS,SEA,DEN,735,737.0,2.0,16.0,753.0,151,173.0,148.0,1024,1121.0,9.0,1106,1130.0,24.0,0,0,,24.0,0.0,0.0,0.0,0.0
2015,1,1,4,AS,506,N644AS,SEA,SNA,745,737.0,-8.0,20.0,757.0,155,154.0,130.0,978,1007.0,4.0,1020,1011.0,-9.0,0,0,,,,,,
2015,1,1,4,AS,30,N514AS,PDX,BOS,750,741.0,-9.0,12.0,753.0,314,294.0,277.0,2537,1530.0,5.0,1604,1535.0,-29.0,0,0,,,,,,
2015,1,1,4,AS,482,N433AS,SEA,LAX,750,802.0,12.0,8.0,810.0,166,143.0,126.0,954,1016.0,9.0,1036,1025.0,-11.0,0,0,,,,,,
2015,1,1,4,AS,520,N552AS,SEA,BUR,750,744.0,-6.0,23.0,807.0,138,145.0,119.0,937,1006.0,3.0,1008,1009.0,1.0,0,0,,,,,,
2015,1,1,4,AS,743,N797AS,SLC,SFO,750,806.0,16.0,29.0,835.0,125,113.0,77.0,599,852.0,7.0,855,859.0,4.0,0,0,,,,,,
2015,1,1,4,AS,1,N523AS,DCA,SEA,800,756.0,-4.0,8.0,804.0,360,341.0,328.0,2329,1032.0,5.0,1100,1037.0,-23.0,0,0,,,,,,
2015,1,1,4,AS,8,N464AS,SEA,EWR,800,809.0,9.0,12.0,821.0,309,279.0,262.0,2402,1543.0,5.0,1609,1548.0,-21.0,0,0,,,,,,
2015,1,1,4,AS,23,N305AS,ORD,SEA,800,757.0,-3.0,14.0,811.0,279,255.0,237.0,1721,1008.0,4.0,1039,1012.0,-27.0,0,0,,,,,,
2015,1,1,4,AS,62,N792AS,ANC,JNU,800,748.0,-12.0,18.0,806.0,100,110.0,87.0,571,933.0,5.0,940,938.0,-2.0,0,0,,,,,,
2015,1,1,4,AS,83,N532AS,SEA,ANC,800,802.0,2.0,14.0,816.0,235,211.0,194.0,1448,1030.0,3.0,1055,1033.0,-22.0,0,0,,,,,,
2015,1,1,4,AS,337,N786AS,SJC,SEA,800,807.0,7.0,12.0,819.0,124,118.0,101.0,697,1000.0,5.0,1004,1005.0,1.0,0,0,,,,,,
2015,1,1,4,AS,493,N794AS,SAN,SEA,800,752.0,-8.0,14.0,806.0,174,177.0,153.0,1050,1039.0,10.0,1054,1049.0,-5.0,0,0,,,,,,
2015,1,1,4,AS,527,N625AS,SNA,SEA,800,748.0,-12.0,8.0,756.0,175,155.0,142.0,978,1018.0,5.0,1055,1023.0,-32.0,0,0,,,,,,
2015,1,1,4,AS,626,N619AS,PDX,LAS,800,752.0,-8.0,9.0,801.0,122,116.0,99.0,763,940.0,8.0,1002,948.0,-14.0,0,0,,,,,,
2015,1,1,4,AS,637,N756AS,PHX,SEA,800,751.0,-9.0,13.0,804.0,180,172.0,155.0,1107,939.0,4.0,1000,943.0,-17.0,0,0,,,,,,
2015,1,1,4,AS,665,N461AS,DFW,SEA,800,755.0,-5.0,64.0,859.0,274,286.0,217.0,1660,1036.0,5.0,1034,1041.0,7.0,0,0,,,,,,
2015,1,1,4,AS,679,N520AS,DEN,SEA,800,754.0,-6.0,25.0,819.0,191,167.0,137.0,1024,936.0,5.0,1011,941.0,-30.0,0,0,,,,,,
2015,1,1,4,AS,690,N303AS,SEA,GEG,800,757.0,-3.0,21.0,818.0,60,65.0,40.0,224,858.0,4.0,900,902.0,2.0,0,0,,,,,,
2015,1,1,4,AS,16,N590AS,SEA,MCO,805,806.0,1.0,19.0,825.0,320,328.0,306.0,2554,1631.0,3.0,1625,1634.0,9.0,0,0,,,,,,
2015,1,1,4,AS,548,N306AS,SEA,PSP,810,816.0,6.0,17.0,833.0,154,153.0,131.0,987,1044.0,5.0,1044,1049.0,5.0,0,0,,,,,,
2015,1,1,4,AS,4,N581AS,SEA,DCA,815,812.0,-3.0,24.0,836.0,295,281.0,254.0,2329,1550.0,3.0,1610,1553.0,-17.0,0,0,,,,,,
2015,1,1,4,AS,766,N468AS,SEA,BWI,815,815.0,0.0,17.0,832.0,305,284.0,263.0,2335,1555.0,4.0,1620,1559.0,-21.0,0,0,,,,,,
2015,1,1,4,AS,860,N535AS,HNL,SEA,825,823.0,-2.0,18.0,841.0,354,326.0,302.0,2677,1543.0,6.0,1619,1549.0,-30.0,0,0,,,,,,
2015,1,1,4,AS,34,N413AS,SEA,ORD,830,845.0,15.0,14.0,859.0,235,218.0,197.0,1721,1416.0,7.0,1425,1423.0,-2.0,0,0,,,,,,
2015,1,1,4,AS,774,N524AS,SEA,TPA,830,826.0,-4.0,21.0,847.0,345,324.0,297.0,2520,1644.0,6.0,1715,1650.0,-25.0,0,0,,,,,,
2015,1,1,4,AS,32,N402AS,SEA,PHL,835,833.0,-2.0,27.0,900.0,303,302.0,270.0,2378,1630.0,5.0,1638,1635.0,-3.0,0,0,,,,,,
2015,1,1,4,AS,718,N596AS,SLC,SAN,835,842.0,7.0,27.0,909.0,125,111.0,81.0,626,930.0,3.0,940,933.0,-7.0,0,0,,,,,,
2015,1,1,4,AS,879,N518AS,SEA,LIH,835,829.0,-6.0,25.0,854.0,390,375.0,340.0,2701,1234.0,10.0,1305,1244.0,-21.0,0,0,,,,,,
2015,1,1,4,AS,38,N562AS,SEA,FLL,840,857.0,17.0,24.0,921.0,350,349.0,321.0,2717,1742.0,4.0,1730,1746.0,16.0,0,0,,0.0,0.0,0.0,0.0,16.0
2015,1,1,4,AS,455,N462AS,LAX,SEA,840,839.0,-1.0,20.0,859.0,167,161.0,134.0,954,1113.0,7.0,1127,1120.0,-7.0,0,0,,,,,,
2015,1,1,4,AS,246,N530AS,SEA,SAN,845,853.0,8.0,33.0,926.0,161,173.0,137.0,1050,1143.0,3.0,1126,1146.0,20.0,0,0,,12.0,0.0,0.0,0.0,8.0
2015,1,1,4,AS,792,N408AS,SEA,DTW,845,856.0,11.0,29.0,925.0,255,248.0,209.0,1927,1554.0,10.0,1600,1604.0,4.0,0,0,,,,,,
2015,1,1,4,AS,768,N586AS,SAN,BOS,850,842.0,-8.0,23.0,905.0,320,300.0,270.0,2588,1635.0,7.0,1710,1642.0,-28.0,0,0,,,,,,
2015,1,1,4,AS,885,N533AS,SJC,OGG,855,852.0,-3.0,16.0,908.0,330,343.0,324.0,2355,1232.0,3.0,1225,1235.0,10.0,0,0,,,,,,
2015,1,1,4,AS,370,N618AS,SEA,SMF,900,900.0,0.0,24.0,924.0,103,110.0,81.0,605,1045.0,5.0,1043,1050.0,7.0,0,0,,,,,,
2015,1,1,4,AS,383,N622AS,SFO,PDX,900,900.0,0.0,18.0,918.0,101,104.0,83.0,550,1041.0,3.0,1041,1044.0,3.0,0,0,,,,,,
2015,1,1,4,AS,407,N769AS,SJC,PDX,900,915.0,15.0,11.0,926.0,105,103.0,89.0,569,1055.0,3.0,1045,1058.0,13.0,0,0,,,,,,
2015,1,1,4,AS,502,N615AS,SEA,SNA,900,853.0,-7.0,21.0,914.0,155,162.0,134.0,978,1128.0,7.0,1135,1135.0,0.0,0,0,,,,,,
2015,1,1,4,AS,563,N403AS,LAX,PDX,900,903.0,3.0,19.0,922.0,145,142.0,120.0,834,1122.0,3.0,1125,1125.0,0.0,0,0,,,,,,
2015,1,1,4,AS,827,N594AS,OAK,HNL,900,903.0,3.0,8.0,911.0,342,335.0,322.0,2409,1233.0,5.0,1242,1238.0,-4.0,0,0,,,,,,
2015,1,1,4,AS,154,N762AS,OTZ,ANC,902,859.0,-3.0,5.0,904.0,86,85.0,75.0,548,1019.0,5.0,1028,1024.0,-4.0,0,0,,,,,,
2015,1,1,4,AS,111,N570AS,SEA,ANC,905,859.0,-6.0,30.0,929.0,230,226.0,193.0,1448,1142.0,3.0,1155,1145.0,-10.0,0,0,,,,,,
2015,1,1,4,AS,330,N584AS,SEA,SJC,905,909.0,4.0,25.0,934.0,124,127.0,98.0,697,1112.0,4.0,1109,1116.0,7.0,0,0,,,,,,
2015,1,1,4,AS,861,N583AS,SEA,OGG,905,942.0,37.0,21.0,1003.0,375,367.0,342.0,2640,1345.0,4.0,1320,1349.0,29.0,0,0,,0.0,0.0,29.0,0.0,0.0
2015,1,1,4,AS,60,N796AS,KTN,SEA,910,908.0,-2.0,8.0,916.0,110,110.0,90.0,680,1146.0,12.0,1200,1158.0,-2.0,0,0,,,,,,
2015,1,1,4,AS,442,N553AS,SEA,LAX,910,1055.0,105.0,20.0,1115.0,156,161.0,125.0,954,1320.0,16.0,1146,1336.0,110.0,0,0,,5.0,0.0,105.0,0.0,0.0
2015,1,1,4,AS,617,N407AS,LAS,SEA,910,901.0,-9.0,13.0,914.0,155,147.0,127.0,867,1121.0,7.0,1145,1128.0,-17.0,0,0,,,,,,
2015,1,1,4,AS,5,N517AS,DCA,LAX,915,914.0,-1.0,9.0,923.0,355,343.0,326.0,2311,1149.0,8.0,1210,1157.0,-13.0,0,0,,,,,,
2015,1,1,4,AS,12,N526AS,SEA,BOS,920,922.0,2.0,33.0,955.0,319,314.0,275.0,2496,1730.0,6.0,1739,1736.0,-3.0,0,0,,,,,,
2015,1,1,4,AS,311,N705AS,SFO,SEA,920,922.0,2.0,16.0,938.0,125,122.0,98.0,679,1116.0,8.0,1125,1124.0,-1.0,0,0,,,,,,
2015,1,1,4,AS,365,N440AS,OAK,SEA,920,915.0,-5.0,7.0,922.0,120,106.0,94.0,671,1056.0,5.0,1120,1101.0,-19.0,0,0,,,,,,
2015,1,1,4,AS,644,N706AS,PDX,PHX,930,928.0,-2.0,13.0,941.0,148,151.0,133.0,1009,1254.0,5.0,1258,1259.0,1.0,0,0,,,,,,
2015,1,1,4,AS,746,N459AS,SEA,ATL,930,935.0,5.0,19.0,954.0,277,281.0,256.0,2182,1710.0,6.0,1707,1716.0,9.0,0,0,,,,,,
2015,1,1,4,AS,65,N713AS,KTN,WRG,931,931.0,0.0,19.0,950.0,46,50.0,27.0,82,1017.0,4.0,1017,1021.0,4.0,0,0,,,,,,
2015,1,1,4,AS,139,N592AS,ORD,ANC,935,931.0,-4.0,10.0,941.0,424,434.0,416.0,2846,1337.0,8.0,1339,1345.0,6.0,0,0,,,,,,
2015,1,1,4,AS,835,N589AS,SJC,KOA,935,944.0,9.0,9.0,953.0,335,335.0,322.0,2384,1315.0,4.0,1310,1319.0,9.0,0,0,,,,,,
2015,1,1,4,AS,587,N627AS,SNA,PDX,940,931.0,-9.0,10.0,941.0,143,142.0,129.0,859,1150.0,3.0,1203,1153.0,-10.0,0,0,,,,,,
2015,1,1,4,AS,628,N513AS,BLI,LAS,940,950.0,10.0,11.0,1001.0,152,144.0,126.0,954,1207.0,7.0,1212,1214.0,2.0,0,0,,,,,,
2015,1,1,4,AS,55,N508AS,SCC,BRW,943,939.0,-4.0,8.0,947.0,50,49.0,37.0,204,1024.0,4.0,1033,1028.0,-5.0,0,0,,,,,,
2015,1,1,4,AS,131,N528AS,PDX,ANC,945,937.0,-8.0,19.0,956.0,247,234.0,210.0,1542,1226.0,5.0,1252,1231.0,-21.0,0,0,,,,,,
2015,1,1,4,AS,172,N577AS,ANC,PHX,945,938.0,-7.0,19.0,957.0,345,323.0,298.0,2552,1655.0,6.0,1730,1701.0,-29.0,0,0,,,,,,
2015,1,1,4,AS,689,N303AS,GEG,SEA,945,941.0,-4.0,21.0,1002.0,69,67.0,42.0,224,1044.0,4.0,1054,1048.0,-6.0,0,0,,,,,,
2015,1,1,4,AS,568,N565AS,PDX,LAX,950,952.0,2.0,12.0,1004.0,145,131.0,108.0,834,1152.0,11.0,1215,1203.0,-12.0,0,0,,,,,,
2015,1,1,4,AS,632,N519AS,SEA,LAS,950,947.0,-3.0,14.0,1001.0,137,136.0,116.0,867,1157.0,6.0,1207,1203.0,-4.0,0,0,,,,,,
2015,1,1,4,AS,764,N536AS,PDX,DCA,950,950.0,0.0,13.0,1003.0,290,277.0,260.0,2350,1723.0,4.0,1740,1727.0,-13.0,0,0,,,,,,
2015,1,1,4,AS,851,N560AS,SEA,HNL,950,950.0,0.0,22.0,1012.0,375,372.0,347.0,2677,1359.0,3.0,1405,1402.0,-3.0,0,0,,,,,,
2015,1,1,4,AS,318,N453AS,SEA,SFO,955,955.0,0.0,21.0,1016.0,129,131.0,96.0,679,1152.0,14.0,1204,1206.0,2.0,0,0,,,,,,
2015,1,1,4,AS,652,N471AS,PDX,DFW,955,955.0,0.0,12.0,1007.0,224,229.0,204.0,1616,1531.0,13.0,1539,1544.0,5.0,0,0,,,,,,
2015,1,1,4,AS,824,N559AS,ANC,OGG,955,955.0,0.0,20.0,1015.0,390,380.0,357.0,2797,1512.0,3.0,1525,1515.0,-10.0,0,0,,,,,,
2015,1,1,4,AS,151,N768AS,ANC,OME,1000,951.0,-9.0,19.0,1010.0,100,106.0,84.0,539,1134.0,3.0,1140,1137.0,-3.0,0,0,,,,,,
2015,1,1,4,AS,329,N568AS,SJC,SEA,1000,1000.0,0.0,10.0,1010.0,124,118.0,101.0,697,1151.0,7.0,1204,1158.0,-6.0,0,0,,,,,,
2015,1,1,4,AS,501,N611AS,SNA,SEA,1000,947.0,-13.0,12.0,959.0,169,166.0,150.0,978,1229.0,4.0,1249,1233.0,-16.0,0,0,,,,,,
2015,1,1,4,AS,553,N435AS,PSP,SEA,1000,950.0,-10.0,6.0,956.0,164,143.0,133.0,987,1209.0,4.0,1244,1213.0,-31.0,0,0,,,,,,
2015,1,1,4,AS,481,N323AS,SAN,SEA,1005,959.0,-6.0,15.0,1014.0,175,166.0,146.0,1050,1240.0,5.0,1300,1245.0,-15.0,0,0,,,,,,
2015,1,1,4,AS,303,N797AS,SFO,SEA,1010,1010.0,0.0,16.0,1026.0,122,119.0,98.0,679,1204.0,5.0,1212,1209.0,-3.0,0,0,,,,,,
2015,1,1,4,AS,380,N760AS,PDX,SFO,1010,1005.0,-5.0,16.0,1021.0,120,108.0,83.0,550,1144.0,9.0,1210,1153.0,-17.0,0,0,,,,,,
2015,1,1,4,AS,648,N613AS,SEA,TUS,1010,1011.0,1.0,19.0,1030.0,174,172.0,150.0,1216,1400.0,3.0,1404,1403.0,-1.0,0,0,,,,,,
2015,1,1,4,AS,752,N609AS,SEA,MCI,1010,1038.0,28.0,24.0,1102.0,203,207.0,179.0,1489,1601.0,4.0,1533,1605.0,32.0,0,0,,4.0,0.0,28.0,0.0,0.0
2015,1,1,4,AS,805,N588AS,SMF,OGG,1010,957.0,-13.0,13.0,1010.0,340,341.0,325.0,2404,1335.0,3.0,1350,1338.0,-12.0,0,0,,,,,,
2015,1,1,4,AS,760,N546AS,SAN,MCO,1015,1009.0,-6.0,12.0,1021.0,274,280.0,247.0,2149,1728.0,21.0,1749,1749.0,0.0,0,0,,,,,,
2015,1,1,4,AS,857,N537AS,SAN,LIH,1015,1020.0,5.0,19.0,1039.0,382,384.0,359.0,2676,1438.0,6.0,1437,1444.0,7.0,0,0,,,,,,
2015,1,1,4,AS,85,N764AS,SEA,ANC,1020,1020.0,0.0,19.0,1039.0,223,220.0,198.0,1448,1257.0,3.0,1303,1300.0,-3.0,0,0,,,,,,
2015,1,1,4,AS,346,N551AS,SEA,OAK,1020,1016.0,-4.0,19.0,1035.0,116,119.0,96.0,671,1211.0,4.0,1216,1215.0,-1.0,0,0,,,,,,
2015,1,1,4,AS,843,N585AS,SEA,KOA,1020,1020.0,0.0,33.0,1053.0,380,389.0,352.0,2688,1445.0,4.0,1440,1449.0,9.0,0,0,,,,,,
2015,1,1,4,AS,36,N469AS,SEA,MSP,1025,1019.0,-6.0,10.0,1029.0,194,182.0,168.0,1399,1517.0,4.0,1539,1521.0,-18.0,0,0,,,,,,
2015,1,1,4,AS,62,N792AS,JNU,SIT,1025,1014.0,-11.0,25.0,1039.0,48,59.0,26.0,95,1105.0,8.0,1113,1113.0,0.0,0,0,,,,,,
2015,1,1,4,AS,537,N457AS,ONT,SEA,1025,1017.0,-8.0,9.0,1026.0,158,146.0,133.0,956,1239.0,4.0,1303,1243.0,-20.0,0,0,,,,,,
2015,1,1,4,AS,688,N626AS,PDX,ORD,1025,1018.0,-7.0,13.0,1031.0,240,231.0,204.0,1739,1555.0,14.0,1625,1609.0,-16.0,0,0,,,,,,
2015,1,1,4,AS,475,N548AS,LAX,SEA,1030,1023.0,-7.0,14.0,1037.0,164,153.0,133.0,954,1250.0,6.0,1314,1256.0,-18.0,0,0,,,,,,
2015,1,1,4,AS,656,N320AS,SEA,PHX,1030,1023.0,-7.0,14.0,1037.0,165,162.0,144.0,1107,1401.0,4.0,1415,1405.0,-10.0,0,0,,,,,,
2015,1,1,4,AS,730,N423AS,SEA,IAH,1030,1029.0,-1.0,13.0,1042.0,252,268.0,239.0,1874,1641.0,16.0,1642,1657.0,15.0,0,0,,15.0,0.0,0.0,0.0,0.0
2015,1,1,4,AS,80,N431AS,ANC,SEA,1035,1027.0,-8.0,21.0,1048.0,207,206.0,180.0,1448,1448.0,5.0,1502,1453.0,-9.0,0,0,,,,,,
2015,1,1,4,AS,627,N525AS,LAS,PDX,1040,1039.0,-1.0,16.0,1055.0,133,138.0,115.0,763,1250.0,7.0,1253,1257.0,4.0,0,0,,,,,,
2015,1,1,4,AS,725,N612AS,SLC,SEA,1040,1041.0,1.0,10.0,1051.0,127,111.0,97.0,689,1128.0,4.0,1147,1132.0,-15.0,0,0,,,,,,
2015,1,1,4,AS,788,N579AS,SEA,MSY,1040,1032.0,-8.0,25.0,1057.0,290,281.0,252.0,2086,1709.0,4.0,1730,1713.0,-17.0,0,0,,,,,,
2015,1,1,4,AS,794,N614AS,SEA,ABQ,1040,1032.0,-8.0,16.0,1048.0,180,175.0,154.0,1180,1422.0,5.0,1440,1427.0,-13.0,0,0,,,,,,
2015,1,1,4,AS,619,N619AS,LAS,SEA,1050,1040.0,-10.0,16.0,1056.0,160,149.0,128.0,867,1304.0,5.0,1330,1309.0,-21.0,0,0,,,,,,
2015,1,1,4,AS,490,N756AS,SEA,SAN,1055,1050.0,-5.0,13.0,1103.0,155,151.0,135.0,1050,1318.0,3.0,1330,1321.0,-9.0,0,0,,,,,,
2015,1,1,4,AS,65,N713AS,WRG,PSG,1100,1048.0,-12.0,5.0,1053.0,26,24.0,14.0,31,1107.0,5.0,1126,1112.0,-14.0,0,0,,,,,,
2015,1,1,4,AS,358,N520AS,SEA,SMF,1100,1100.0,0.0,12.0,1112.0,103,97.0,79.0,605,1231.0,6.0,1243,1237.0,-6.0,0,0,,,,,,
2015,1,1,4,AS,523,N552AS,BUR,SEA,1100,1049.0,-11.0,13.0,1102.0,155,155.0,138.0,937,1320.0,4.0,1335,1324.0,-11.0,0,0,,,,,,
2015,1,1,4,AS,895,N596AS,SAN,HNL,1105,1112.0,7.0,30.0,1142.0,374,390.0,348.0,2614,1530.0,12.0,1519,1542.0,23.0,0,0,,16.0,0.0,7.0,0.0,0.0
2015,1,1,4,AS,43,N762AS,ANC,BET,1110,1114.0,4.0,9.0,1123.0,83,74.0,61.0,399,1224.0,4.0,1233,1228.0,-5.0,0,0,,,,,,
2015,1,1,4,AS,75,N708AS,SEA,JNU,1110,1139.0,29.0,12.0,1151.0,162,156.0,141.0,909,1312.0,3.0,1252,1315.0,23.0,0,0,,0.0,0.0,23.0,0.0,0.0
2015,1,1,4,AS,452,N435AS,SEA,LAX,1110,1313.0,123.0,8.0,1321.0,151,141.0,126.0,954,1527.0,7.0,1341,1534.0,113.0,0,0,,0.0,0.0,113.0,0.0,0.0
2015,1,1,4,AS,509,N644AS,SNA,SEA,1110,1056.0,-14.0,7.0,1103.0,159,155.0,144.0,978,1327.0,4.0,1349,1331.0,-18.0,0,0,,,,,,
2015,1,1,4,AS,55,N508AS,BRW,FAI,1118,1113.0,-5.0,6.0,1119.0,78,81.0,72.0,503,1231.0,3.0,1236,1234.0,-2.0,0,0,,,,,,
2015,1,1,4,AS,809,N587AS,PDX,OGG,1120,1111.0,-9.0,11.0,1122.0,372,351.0,337.0,2562,1459.0,3.0,1532,1502.0,-30.0,0,0,,,,,,
2015,1,1,4,AS,64,N799AS,ANC,JNU,1130,1126.0,-4.0,17.0,1143.0,100,106.0,83.0,571,1306.0,6.0,1310,1312.0,2.0,0,0,,,,,,
2015,1,1,4,AS,373,N618AS,SMF,SEA,1130,1124.0,-6.0,14.0,1138.0,110,109.0,88.0,605,1306.0,7.0,1320,1313.0,-7.0,0,0,,,,,,
2015,1,1,4,AS,408,N622AS,PDX,SJC,1130,1123.0,-7.0,16.0,1139.0,102,107.0,87.0,569,1306.0,4.0,1312,1310.0,-2.0,0,0,,,,,,
2015,1,1,4,AS,591,N306AS,PSP,PDX,1135,1133.0,-2.0,10.0,1143.0,145,138.0,124.0,873,1347.0,4.0,1400,1351.0,-9.0,0,0,,,,,,
2015,1,1,4,AS,692,N593AS,SEA,SAT,1135,1146.0,11.0,18.0,1204.0,240,241.0,219.0,1774,1743.0,4.0,1735,1747.0,12.0,0,0,,,,,,
2015,1,1,4,AS,748,N303AS,SEA,STL,1140,1242.0,62.0,11.0,1253.0,227,217.0,199.0,1709,1812.0,7.0,1727,1819.0,52.0,0,0,,0.0,0.0,52.0,0.0,0.0
2015,1,1,4,AS,140,N532AS,ANC,PDX,1145,1140.0,-5.0,17.0,1157.0,210,204.0,183.0,1542,1600.0,4.0,1615,1604.0,-11.0,0,0,,,,,,
2015,1,1,4,AS,670,N461AS,SEA,AUS,1145,1146.0,1.0,14.0,1200.0,235,243.0,226.0,1770,1746.0,3.0,1740,1749.0,9.0,0,0,,,,,,
2015,1,1,4,AS,836,N531AS,LIH,PDX,1150,1224.0,34.0,7.0,1231.0,334,303.0,293.0,2631,1924.0,3.0,1924,1927.0,3.0,0,0,,,,,,
2015,1,1,4,AS,306,N795AS,SEA,SFO,1155,1343.0,108.0,12.0,1355.0,124,112.0,93.0,679,1528.0,7.0,1359,1535.0,96.0,0,0,,0.0,0.0,96.0,0.0,0.0
2015,1,1,4,AS,638,N523AS,SEA,LAS,1155,1150.0,-5.0,8.0,1158.0,143,136.0,118.0,867,1356.0,10.0,1418,1406.0,-12.0,0,0,,,,,,
2015,1,1,4,AS,62,N792AS,SIT,KTN,1158,1155.0,-3.0,10.0,1205.0,52,49.0,35.0,183,1240.0,4.0,1250,1244.0,-6.0,0,0,,,,,,
2015,1,1,4,AS,325,N584AS,SJC,SEA,1200,1152.0,-8.0,12.0,1204.0,119,118.0,101.0,697,1345.0,5.0,1359,1350.0,-9.0,0,0,,,,,,
2015,1,1,4,AS,460,N556AS,SEA,LAX,1200,1157.0,-3.0,15.0,1212.0,149,149.0,126.0,954,1418.0,8.0,1429,1426.0,-3.0,0,0,,,,,,
2015,1,1,4,AS,643,N409AS,PHX,SEA,1200,1203.0,3.0,38.0,1241.0,180,196.0,153.0,1107,1414.0,5.0,1400,1419.0,19.0,0,0,,19.0,0.0,0.0,0.0,0.0
2015,1,1,4,AS,677,N607AS,DEN,SEA,1200,1214.0,14.0,22.0,1236.0,174,161.0,134.0,1024,1350.0,5.0,1354,1355.0,1.0,0,0,,,,,,
2015,1,1,4,AS,818,N558AS,OGG,SMF,1200,1217.0,17.0,24.0,1241.0,307,308.0,278.0,2404,1919.0,6.0,1907,1925.0,18.0,0,0,,1.0,0.0,0.0,17.0,0.0
2015,1,1,4,AS,65,N713AS,PSG,JNU,1206,1153.0,-13.0,6.0,1159.0,38,37.0,28.0,123,1227.0,3.0,1244,1230.0,-14.0,0,0,,,,,,
2015,1,1,4,AS,105,N440AS,SEA,ANC,1210,1207.0,-3.0,11.0,1218.0,236,208.0,194.0,1448,1432.0,3.0,1506,1435.0,-31.0,0,0,,,,,,
2015,1,1,4,AS,324,N705AS,SEA,SJC,1210,1209.0,-1.0,15.0,1224.0,124,122.0,101.0,697,1405.0,6.0,1414,1411.0,-3.0,0,0,,,,,,
2015,1,1,4,AS,862,N516AS,OGG,PDX,1210,1225.0,15.0,24.0,1249.0,333,324.0,295.0,2562,1944.0,5.0,1943,1949.0,6.0,0,0,,,,,,
2015,1,1,4,AS,554,N794AS,SEA,PSP,1215,1210.0,-5.0,17.0,1227.0,153,155.0,134.0,987,1441.0,4.0,1448,1445.0,-3.0,0,0,,,,,,
2015,1,1,4,AS,572,N403AS,PDX,SAN,1215,1212.0,-3.0,8.0,1220.0,140,128.0,117.0,933,1417.0,3.0,1435,1420.0,-15.0,0,0,,,,,,
2015,1,1,4,AS,513,N615AS,SNA,SEA,1220,1210.0,-10.0,17.0,1227.0,165,169.0,145.0,978,1452.0,7.0,1505,1459.0,-6.0,0,0,,,,,,
2015,1,1,4,AS,684,N703AS,SEA,GEG,1220,1214.0,-6.0,9.0,1223.0,62,53.0,40.0,224,1303.0,4.0,1322,1307.0,-15.0,0,0,,,,,,
2015,1,1,4,AS,834,N566AS,HNL,PDX,1220,1211.0,-9.0,23.0,1234.0,339,322.0,297.0,2603,1931.0,2.0,1959,1933.0,-26.0,0,0,,,,,,
2015,1,1,4,AS,500,N625AS,SEA,SNA,1225,1222.0,-3.0,15.0,1237.0,159,154.0,133.0,978,1450.0,6.0,1504,1456.0,-8.0,0,0,,,,,,
2015,1,1,4,AS,22,N407AS,SEA,ORD,1235,1236.0,1.0,14.0,1250.0,239,228.0,201.0,1721,1811.0,13.0,1834,1824.0,-10.0,0,0,,,,,,
2015,1,1,4,AS,152,N768AS,OME,ANC,1235,1227.0,-8.0,8.0,1235.0,83,84.0,73.0,539,1348.0,3.0,1358,1351.0,-7.0,0,0,,,,,,
2015,1,1,4,AS,802,N557AS,KOA,PDX,1250,1238.0,-12.0,11.0,1249.0,345,313.0,299.0,2607,1948.0,3.0,2035,1951.0,-44.0,0,0,,,,,,
2015,1,1,4,AS,381,N760AS,SFO,PDX,1255,1251.0,-4.0,12.0,1303.0,98,96.0,81.0,550,1424.0,3.0,1433,1427.0,-6.0,0,0,,,,,,
2015,1,1,4,AS,305,N453AS,SFO,SEA,1300,1301.0,1.0,19.0,1320.0,123,118.0,94.0,679,1454.0,5.0,1503,1459.0,-4.0,0,0,,,,,,
2015,1,1,4,AS,400,N769AS,PDX,SFO,1300,1248.0,-12.0,9.0,1257.0,107,108.0,94.0,550,1431.0,5.0,1447,1436.0,-11.0,0,0,,,,,,
2015,1,1,4,AS,465,N553AS,LAX,SEA,1300,1422.0,82.0,23.0,1445.0,154,168.0,140.0,954,1705.0,5.0,1534,1710.0,96.0,0,0,,14.0,0.0,0.0,82.0,0.0
2015,1,1,4,AS,605,N513AS,LAS,SEA,1300,1300.0,0.0,14.0,1314.0,155,147.0,128.0,867,1522.0,5.0,1535,1527.0,-8.0,0,0,,,,,,
2015,1,1,4,AS,6,N565AS,LAX,DCA,1305,1255.0,-10.0,23.0,1318.0,290,286.0,259.0,2311,2037.0,4.0,2055,2041.0,-14.0,0,0,,,,,,
2015,1,1,4,AS,343,N551AS,OAK,SEA,1305,1256.0,-9.0,12.0,1308.0,113,111.0,93.0,671,1441.0,6.0,1458,1447.0,-11.0,0,0,,,,,,
2015,1,1,4,AS,726,N797AS,SEA,SLC,1310,1307.0,-3.0,10.0,1317.0,118,112.0,97.0,689,1554.0,5.0,1608,1559.0,-9.0,0,0,,,,,,
2015,1,1,4,AS,649,N519AS,LAS,BLI,1315,1305.0,-10.0,17.0,1322.0,165,154.0,133.0,954,1535.0,4.0,1600,1539.0,-21.0,0,0,,,,,,
2015,1,1,4,AS,664,N457AS,SEA,DFW,1315,1345.0,30.0,22.0,1407.0,220,247.0,211.0,1660,1938.0,14.0,1855,1952.0,57.0,0,0,,27.0,0.0,30.0,0.0,0.0
2015,1,1,4,AS,557,N517AS,LAX,PDX,1320,1318.0,-2.0,21.0,1339.0,138,144.0,120.0,834,1539.0,3.0,1538,1542.0,4.0,0,0,,,,,,
2015,1,1,4,AS,661,N302AS,DFW,SEA,1320,1315.0,-5.0,14.0,1329.0,260,228.0,211.0,1660,1500.0,3.0,1540,1503.0,-37.0,0,0,,,,,,
2015,1,1,4,AS,55,N508AS,FAI,ANC,1325,1320.0,-5.0,10.0,1330.0,59,58.0,44.0,261,1414.0,4.0,1424,1418.0,-6.0,0,0,,,,,,
2015,1,1,4,AS,682,N618AS,SEA,DEN,1325,1405.0,40.0,8.0,1413.0,152,171.0,147.0,1024,1740.0,16.0,1657,1756.0,59.0,0,0,,19.0,0.0,40.0,0.0,0.0
2015,1,1,4,AS,870,N570AS,ANC,HNL,1325,1316.0,-9.0,10.0,1326.0,380,375.0,355.0,2777,1821.0,10.0,1845,1831.0,-14.0,0,0,,,,,,
2015,1,1,4,AS,874,N533AS,OGG,SEA,1325,1326.0,1.0,13.0,1339.0,350,328.0,310.0,2640,2049.0,5.0,2115,2054.0,-21.0,0,0,,,,,,
2015,1,1,4,AS,44,N762AS,BET,ANC,1329,1316.0,-13.0,3.0,1319.0,66,61.0,54.0,399,1413.0,4.0,1435,1417.0,-18.0,0,0,,,,,,
2015,1,1,4,AS,359,N520AS,SMF,SEA,1330,1324.0,-6.0,11.0,1335.0,104,103.0,87.0,605,1502.0,5.0,1514,1507.0,-7.0,0,0,,,,,,
2015,1,1,4,AS,494,N796AS,SEA,SAN,1330,1330.0,0.0,11.0,1341.0,159,150.0,136.0,1050,1557.0,3.0,1609,1600.0,-9.0,0,0,,,,,,
2015,1,1,4,AS,610,N323AS,SEA,LAS,1330,1331.0,1.0,12.0,1343.0,141,138.0,117.0,867,1540.0,9.0,1551,1549.0,-2.0,0,0,,,,,,
2015,1,1,4,AS,65,N713AS,JNU,ANC,1332,1334.0,2.0,10.0,1344.0,107,101.0,87.0,571,1511.0,4.0,1519,1515.0,-4.0,0,0,,,,,,
2015,1,1,4,AS,62,N792AS,KTN,SEA,1335,1319.0,-16.0,8.0,1327.0,102,106.0,91.0,680,1558.0,7.0,1617,1605.0,-12.0,0,0,,,,,,
2015,1,1,4,AS,123,N568AS,SEA,FAI,1335,1335.0,0.0,13.0,1348.0,240,219.0,202.0,1533,1610.0,4.0,1635,1614.0,-21.0,0,0,,,,,,
2015,1,1,4,AS,120,N528AS,ANC,SEA,1340,1330.0,-10.0,18.0,1348.0,195,195.0,171.0,1448,1739.0,6.0,1755,1745.0,-10.0,0,0,,,,,,
2015,1,1,4,AS,570,N525AS,PDX,LAX,1345,1349.0,4.0,9.0,1358.0,131,128.0,110.0,834,1548.0,9.0,1556,1557.0,1.0,0,0,,,,,,
2015,1,1,4,AS,659,N706AS,PHX,PDX,1345,1342.0,-3.0,17.0,1359.0,170,171.0,151.0,1009,1530.0,3.0,1535,1533.0,-2.0,0,0,,,,,,
2015,1,1,4,AS,512,N611AS,SEA,SNA,1350,1350.0,0.0,13.0,1403.0,148,144.0,127.0,978,1610.0,4.0,1618,1614.0,-4.0,0,0,,,,,,
2015,1,1,4,AS,880,N594AS,HNL,SEA,1350,1339.0,-11.0,37.0,1416.0,352,356.0,311.0,2677,2127.0,8.0,2142,2135.0,-7.0,0,0,,,,,,
2015,1,1,4,AS,64,N799AS,JNU,PSG,1355,1352.0,-3.0,14.0,1406.0,47,47.0,28.0,123,1434.0,5.0,1442,1439.0,-3.0,0,0,,,,,,
2015,1,1,4,AS,409,N622AS,SJC,PDX,1355,1348.0,-7.0,10.0,1358.0,105,100.0,86.0,569,1524.0,4.0,1540,1528.0,-12.0,0,0,,,,,,
2015,1,1,4,AS,164,N764AS,ANC,ADK,1400,1348.0,-12.0,9.0,1357.0,196,181.0,169.0,1192,1546.0,3.0,1616,1549.0,-27.0,0,0,,,,,,
2015,1,1,4,AS,316,N548AS,SEA,SFO,1405,1403.0,-2.0,13.0,1416.0,125,121.0,102.0,679,1558.0,6.0,1610,1604.0,-6.0,0,0,,,,,,
2015,1,1,4,AS,693,N703AS,GEG,SEA,1405,1403.0,-2.0,23.0,1426.0,58,73.0,45.0,224,1511.0,5.0,1503,1516.0,13.0,0,0,,,,,,
2015,1,1,4,AS,2,N527AS,SEA,DCA,1410,1407.0,-3.0,11.0,1418.0,285,268.0,253.0,2329,2131.0,4.0,2155,2135.0,-20.0,0,0,,,,,,
2015,1,1,4,AS,76,N708AS,JNU,SEA,1410,1402.0,-8.0,11.0,1413.0,150,132.0,116.0,909,1709.0,5.0,1740,1714.0,-26.0,0,0,,,,,,
2015,1,1,4,AS,487,N756AS,SAN,SEA,1415,1413.0,-2.0,16.0,1429.0,175,174.0,154.0,1050,1703.0,4.0,1710,1707.0,-3.0,0,0,,,,,,
2015,1,1,4,AS,854,N518AS,LIH,SEA,1415,1413.0,-2.0,7.0,1420.0,350,318.0,305.0,2701,2125.0,6.0,2205,2131.0,-34.0,0,0,,,,,,
2015,1,1,4,AS,97,N619AS,SEA,ANC,1420,1417.0,-3.0,12.0,1429.0,220,222.0,207.0,1448,1656.0,3.0,1700,1659.0,-1.0,0,0,,,,,,
2015,1,1,4,AS,472,N462AS,SEA,LAX,1420,1422.0,2.0,11.0,1433.0,147,151.0,130.0,954,1643.0,10.0,1647,1653.0,6.0,0,0,,,,,,
2015,1,1,4,AS,362,N552AS,SEA,SMF,1425,1418.0,-7.0,13.0,1431.0,105,100.0,81.0,605,1552.0,6.0,1610,1558.0,-12.0,0,0,,,,,,
2015,1,1,4,AS,808,N583AS,OGG,BLI,1425,1453.0,28.0,17.0,1510.0,353,328.0,307.0,2681,2217.0,4.0,2218,2221.0,3.0,0,0,,,,,,
2015,1,1,4,AS,864,N589AS,KOA,SEA,1425,1421.0,-4.0,13.0,1434.0,355,334.0,316.0,2688,2150.0,5.0,2220,2155.0,-25.0,0,0,,,,,,
2015,1,1,4,AS,92,N592AS,ANC,SEA,1430,1424.0,-6.0,7.0,1431.0,200,189.0,175.0,1448,1826.0,7.0,1850,1833.0,-17.0,0,0,,,,,,
2015,1,1,4,AS,50,N768AS,ANC,SCC,1450,1444.0,-6.0,6.0,1450.0,106,94.0,85.0,627,1615.0,3.0,1636,1618.0,-18.0,0,0,,,,,,
2015,1,1,4,AS,306,N795AS,SFO,PSP,1450,1621.0,91.0,12.0,1633.0,84,86.0,70.0,421,1743.0,4.0,1614,1747.0,93.0,0,0,,2.0,0.0,0.0,91.0,0.0
2015,1,1,4,AS,812,N588AS,OGG,SJC,1450,1442.0,-8.0,8.0,1450.0,309,285.0,273.0,2355,2123.0,4.0,2159,2127.0,-32.0,0,0,,,,,,
2015,1,1,4,AS,67,N644AS,SEA,KTN,1455,1450.0,-5.0,21.0,1511.0,124,131.0,106.0,680,1557.0,4.0,1559,1601.0,2.0,0,0,,,,,,
2015,1,1,4,AS,528,N529AS,SEA,BUR,1455,1450.0,-5.0,13.0,1503.0,134,137.0,121.0,937,1704.0,3.0,1709,1707.0,-2.0,0,0,,,,,,
2015,1,1,4,AS,650,N409AS,SEA,PHX,1455,1517.0,22.0,10.0,1527.0,161,154.0,138.0,1107,1845.0,6.0,1836,1851.0,15.0,0,0,,0.0,0.0,1.0,14.0,0.0
2015,1,1,4,AS,714,N306AS,PDX,SLC,1455,1451.0,-4.0,9.0,1500.0,109,105.0,85.0,630,1725.0,11.0,1744,1736.0,-8.0,0,0,,,,,,
2015,1,1,4,AS,335,N705AS,SJC,SEA,1500,1454.0,-6.0,10.0,1504.0,120,121.0,105.0,697,1649.0,6.0,1700,1655.0,-5.0,0,0,,,,,,
2015,1,1,4,AS,609,N523AS,LAS,SEA,1500,1452.0,-8.0,14.0,1506.0,165,156.0,135.0,867,1721.0,7.0,1745,1728.0,-17.0,0,0,,,,,,
2015,1,1,4,AS,633,N320AS,PHX,SEA,1505,1503.0,-2.0,17.0,1520.0,177,176.0,155.0,1107,1655.0,4.0,1702,1659.0,-3.0,0,0,,,,,,
2015,1,1,4,AS,641,N613AS,TUS,SEA,1505,1446.0,-19.0,19.0,1505.0,194,188.0,163.0,1216,1648.0,6.0,1719,1654.0,-25.0,0,0,,,,,,
2015,1,1,4,AS,830,N560AS,HNL,SJC,1505,1506.0,1.0,20.0,1526.0,321,303.0,279.0,2417,2205.0,4.0,2226,2209.0,-17.0,0,0,,,,,,
2015,1,1,4,AS,29,N413AS,ORD,SEA,1520,1520.0,0.0,21.0,1541.0,285,267.0,242.0,1721,1743.0,4.0,1805,1747.0,-18.0,0,0,,,,,,
2015,1,1,4,AS,479,N556AS,LAX,SEA,1520,1518.0,-2.0,13.0,1531.0,165,160.0,142.0,954,1753.0,5.0,1805,1758.0,-7.0,0,0,,,,,,
2015,1,1,4,AS,550,N551AS,SEA,PSP,1520,1539.0,19.0,12.0,1551.0,151,142.0,127.0,987,1758.0,3.0,1751,1801.0,10.0,0,0,,,,,,
2015,1,1,4,AS,64,N799AS,PSG,WRG,1524,1512.0,-12.0,4.0,1516.0,23,23.0,14.0,31,1530.0,5.0,1547,1535.0,-12.0,0,0,,,,,,
2015,1,1,4,AS,308,N607AS,SEA,SFO,1525,1522.0,-3.0,15.0,1537.0,125,118.0,98.0,679,1715.0,5.0,1730,1720.0,-10.0,0,0,,,,,,
2015,1,1,4,AS,538,N431AS,SEA,ONT,1525,1633.0,68.0,9.0,1642.0,139,135.0,121.0,956,1843.0,5.0,1744,1848.0,64.0,0,0,,0.0,0.0,64.0,0.0,0.0
2015,1,1,4,AS,571,N403AS,SAN,PDX,1525,1521.0,-4.0,12.0,1533.0,153,150.0,134.0,933,1747.0,4.0,1758,1751.0,-7.0,0,0,,,,,,
2015,1,1,4,AS,584,N627AS,PDX,SNA,1530,1519.0,-11.0,12.0,1531.0,133,134.0,117.0,859,1728.0,5.0,1743,1733.0,-10.0,0,0,,,,,,
2015,1,1,4,AS,791,N614AS,ABQ,SEA,1535,1523.0,-12.0,12.0,1535.0,185,185.0,165.0,1180,1720.0,8.0,1740,1728.0,-12.0,0,0,,,,,,
2015,1,1,4,AS,555,N794AS,PSP,SEA,1540,1530.0,-10.0,8.0,1538.0,165,172.0,160.0,987,1818.0,4.0,1825,1822.0,-3.0,0,0,,,,,,
2015,1,1,4,AS,842,N537AS,LIH,OAK,1540,1540.0,0.0,9.0,1549.0,323,288.0,274.0,2457,2223.0,5.0,2303,2228.0,-35.0,0,0,,,,,,
2015,1,1,4,AS,856,N585AS,KOA,SJC,1540,1549.0,9.0,14.0,1603.0,319,298.0,280.0,2384,2243.0,4.0,2259,2247.0,-12.0,0,0,,,,,,
2015,1,1,4,AS,315,N769AS,SFO,SEA,1545,1542.0,-3.0,17.0,1559.0,119,124.0,104.0,679,1743.0,3.0,1744,1746.0,2.0,0,0,,,,,,
2015,1,1,4,AS,322,N791AS,SEA,SJC,1550,1544.0,-6.0,16.0,1600.0,121,121.0,101.0,697,1741.0,4.0,1751,1745.0,-6.0,0,0,,,,,,
2015,1,1,4,AS,14,N453AS,SEA,EWR,1555,1552.0,-3.0,12.0,1604.0,297,278.0,262.0,2402,2326.0,4.0,2352,2330.0,-22.0,0,0,,,,,,
2015,1,1,4,AS,507,N625AS,SNA,SEA,1555,1548.0,-7.0,5.0,1553.0,165,155.0,147.0,978,1820.0,3.0,1840,1823.0,-17.0,0,0,,,,,,
2015,1,1,4,AS,103,N584AS,SEA,ANC,1600,1600.0,0.0,11.0,1611.0,230,215.0,200.0,1448,1831.0,4.0,1850,1835.0,-15.0,0,0,,,,,,
2015,1,1,4,AS,604,N520AS,SEA,LAS,1600,1556.0,-4.0,11.0,1607.0,138,134.0,112.0,867,1759.0,11.0,1818,1810.0,-8.0,0,0,,,,,,
2015,1,1,4,AS,696,N703AS,SEA,GEG,1600,1559.0,-1.0,18.0,1617.0,60,62.0,40.0,224,1657.0,4.0,1700,1701.0,1.0,0,0,,,,,,
2015,1,1,4,AS,84,N508AS,ANC,SEA,1615,1604.0,-11.0,10.0,1614.0,200,187.0,173.0,1448,2007.0,4.0,2035,2011.0,-24.0,0,0,,,,,,
2015,1,1,4,AS,892,N596AS,HNL,SAN,1620,1642.0,22.0,13.0,1655.0,338,314.0,297.0,2614,2352.0,4.0,2358,2356.0,-2.0,0,0,,,,,,
2015,1,1,4,AS,858,N559AS,OGG,SAN,1625,1613.0,-12.0,24.0,1637.0,320,319.0,292.0,2541,2329.0,3.0,2345,2332.0,-13.0,0,0,,,,,,
2015,1,1,4,AS,37,N469AS,MSP,SEA,1630,1625.0,-5.0,37.0,1702.0,225,235.0,194.0,1399,1816.0,4.0,1815,1820.0,5.0,0,0,,,,,,
2015,1,1,4,AS,64,N799AS,WRG,KTN,1630,1613.0,-17.0,4.0,1617.0,32,49.0,40.0,82,1657.0,5.0,1702,1702.0,0.0,0,0,,,,,,
2015,1,1,4,AS,759,N609AS,MCI,SEA,1630,1642.0,12.0,15.0,1657.0,235,223.0,204.0,1489,1821.0,4.0,1825,1825.0,0.0,0,0,,,,,,
2015,1,1,4,AS,655,N471AS,DFW,PDX,1635,1632.0,-3.0,18.0,1650.0,249,234.0,211.0,1616,1821.0,5.0,1844,1826.0,-18.0,0,0,,,,,,
2015,1,1,4,AS,840,N587AS,OGG,OAK,1640,1637.0,-3.0,23.0,1700.0,305,298.0,270.0,2349,2330.0,5.0,2345,2335.0,-10.0,0,0,,,,,,
2015,1,1,4,AS,67,N644AS,KTN,SIT,1644,1638.0,-6.0,34.0,1712.0,59,78.0,40.0,183,1752.0,4.0,1743,1756.0,13.0,0,0,,,,,,
2015,1,1,4,AS,457,N525AS,LAX,SEA,1650,1646.0,-4.0,19.0,1705.0,163,166.0,139.0,954,1924.0,8.0,1933,1932.0,-1.0,0,0,,,,,,
2015,1,1,4,AS,514,N615AS,SEA,SNA,1650,1640.0,-10.0,10.0,1650.0,150,141.0,125.0,978,1855.0,6.0,1920,1901.0,-19.0,0,0,,,,,,
2015,1,1,4,AS,361,N552AS,SMF,SEA,1655,1643.0,-12.0,12.0,1655.0,109,111.0,94.0,605,1829.0,5.0,1844,1834.0,-10.0,0,0,,,,,,
2015,1,1,4,AS,448,N302AS,SEA,LAX,1655,1651.0,-4.0,14.0,1705.0,150,145.0,122.0,954,1907.0,9.0,1925,1916.0,-9.0,0,0,,,,,,
2015,1,1,4,AS,588,N622AS,PDX,PSP,1655,1645.0,-10.0,12.0,1657.0,132,133.0,116.0,873,1853.0,5.0,1907,1858.0,-9.0,0,0,,,,,,
2015,1,1,4,AS,233,N569AS,SAN,SEA,1700,1651.0,-9.0,12.0,1703.0,175,172.0,152.0,1050,1935.0,8.0,1955,1943.0,-12.0,0,0,,,,,,
2015,1,1,4,AS,387,N548AS,SFO,PDX,1700,1657.0,-3.0,8.0,1705.0,100,92.0,81.0,550,1826.0,3.0,1840,1829.0,-11.0,0,0,,,,,,
2015,1,1,4,AS,613,N323AS,LAS,SEA,1700,1652.0,-8.0,14.0,1706.0,162,151.0,133.0,867,1919.0,4.0,1942,1923.0,-19.0,0,0,,,,,,
2015,1,1,4,AS,620,N532AS,PDX,LAS,1700,1655.0,-5.0,13.0,1708.0,121,121.0,101.0,763,1849.0,7.0,1901,1856.0,-5.0,0,0,,,,,,
2015,1,1,4,AS,727,N797AS,SLC,SEA,1700,1700.0,0.0,19.0,1719.0,132,124.0,101.0,689,1800.0,4.0,1812,1804.0,-8.0,0,0,,,,,,
2015,1,1,4,AS,793,N408AS,DTW,SEA,1700,1705.0,5.0,11.0,1716.0,280,305.0,279.0,1927,1855.0,15.0,1840,1910.0,30.0,0,0,,30.0,0.0,0.0,0.0,0.0
2015,1,1,4,AS,33,N514AS,BOS,PDX,1705,1655.0,-10.0,20.0,1715.0,399,416.0,393.0,2537,2048.0,3.0,2044,2051.0,7.0,0,0,,,,,,
2015,1,1,4,AS,515,N611AS,SNA,SEA,1705,1702.0,-3.0,7.0,1709.0,165,155.0,144.0,978,1933.0,4.0,1950,1937.0,-13.0,0,0,,,,,,
2015,1,1,4,AS,771,N581AS,DCA,PDX,1710,1703.0,-7.0,10.0,1713.0,356,351.0,335.0,2350,1948.0,6.0,2006,1954.0,-12.0,0,0,,,,,,
2015,1,1,4,AS,161,N764AS,ADK,ANC,1715,1723.0,8.0,4.0,1727.0,164,152.0,145.0,1192,2052.0,3.0,2059,2055.0,-4.0,0,0,,,,,,
2015,1,1,4,AS,863,N517AS,PDX,OGG,1715,1708.0,-7.0,12.0,1720.0,373,355.0,340.0,2562,2100.0,3.0,2128,2103.0,-25.0,0,0,,,,,,
2015,1,1,4,AS,11,N464AS,EWR,SEA,1720,1721.0,1.0,17.0,1738.0,385,374.0,351.0,2402,2029.0,6.0,2045,2035.0,-10.0,0,0,,,,,,
2015,1,1,4,AS,341,N795AS,PSP,SFO,1720,1825.0,65.0,9.0,1834.0,87,81.0,66.0,421,1940.0,6.0,1847,1946.0,59.0,0,0,,0.0,0.0,0.0,59.0,0.0
2015,1,1,4,AS,767,N468AS,BWI,SEA,1720,1713.0,-7.0,15.0,1728.0,340,359.0,340.0,2335,2008.0,4.0,2000,2012.0,12.0,0,0,,,,,,
2015,1,1,4,AS,50,N768AS,SCC,BRW,1721,1714.0,-7.0,4.0,1718.0,48,46.0,36.0,204,1754.0,6.0,1809,1800.0,-9.0,0,0,,,,,,
2015,1,1,4,AS,763,N590AS,MCO,SAN,1725,1739.0,14.0,13.0,1752.0,325,308.0,292.0,2149,1944.0,3.0,1950,1947.0,-3.0,0,0,,,,,,
2015,1,1,4,AS,875,N513AS,SEA,KOA,1725,1847.0,82.0,36.0,1923.0,380,397.0,357.0,2688,2320.0,4.0,2145,2324.0,99.0,0,0,,17.0,0.0,82.0,0.0,0.0
2015,1,1,4,AS,132,N568AS,FAI,SEA,1730,1741.0,11.0,23.0,1804.0,215,209.0,180.0,1533,2204.0,6.0,2205,2210.0,5.0,0,0,,,,,,
2015,1,1,4,AS,201,N767AS,SJC,SEA,1730,1718.0,-12.0,10.0,1728.0,122,123.0,107.0,697,1915.0,6.0,1932,1921.0,-11.0,0,0,,,,,,
2015,1,1,4,AS,483,N563AS,SAN,SEA,1730,1721.0,-9.0,13.0,1734.0,185,169.0,150.0,1050,2004.0,6.0,2035,2010.0,-25.0,0,0,,,,,,
2015,1,1,4,AS,675,N626AS,ORD,PDX,1730,1723.0,-7.0,13.0,1736.0,290,267.0,250.0,1739,1946.0,4.0,2020,1950.0,-30.0,0,0,,,,,,
2015,1,1,4,AS,480,N792AS,SEA,SAN,1735,1727.0,-8.0,15.0,1742.0,154,163.0,144.0,1050,2006.0,4.0,2009,2010.0,1.0,0,0,,,,,,
2015,1,1,4,AS,559,N309AS,LAX,PDX,1735,1731.0,-4.0,14.0,1745.0,142,143.0,125.0,834,1950.0,4.0,1957,1954.0,-3.0,0,0,,,,,,
2015,1,1,4,AS,27,N402AS,PHL,SEA,1740,1741.0,1.0,12.0,1753.0,370,365.0,349.0,2378,2042.0,4.0,2050,2046.0,-4.0,0,0,,,,,,
2015,1,1,4,AS,461,N307AS,LAX,SEA,1740,1733.0,-7.0,19.0,1752.0,161,162.0,137.0,954,2009.0,6.0,2021,2015.0,-6.0,0,0,,,,,,
2015,1,1,4,AS,731,N423AS,IAH,SEA,1740,1754.0,14.0,31.0,1825.0,285,284.0,249.0,1874,2034.0,4.0,2025,2038.0,13.0,0,0,,,,,,
2015,1,1,4,AS,845,N519AS,BLI,HNL,1740,1733.0,-7.0,10.0,1743.0,392,367.0,352.0,2715,2135.0,5.0,2212,2140.0,-32.0,0,0,,,,,,
2015,1,1,4,AS,64,N799AS,KTN,SEA,1743,1735.0,-8.0,6.0,1741.0,102,101.0,90.0,680,2011.0,5.0,2025,2016.0,-9.0,0,0,,,,,,
2015,1,1,4,AS,697,N703AS,GEG,SEA,1745,1738.0,-7.0,24.0,1802.0,60,70.0,40.0,224,1842.0,6.0,1845,1848.0,3.0,0,0,,,,,,
2015,1,1,4,AS,721,N534AS,LAX,SLC,1745,1739.0,-6.0,13.0,1752.0,115,115.0,95.0,590,2027.0,7.0,2040,2034.0,-6.0,0,0,,,,,,
2015,1,1,4,AS,831,N597AS,SEA,OGG,1745,1744.0,-1.0,10.0,1754.0,380,360.0,344.0,2640,2138.0,6.0,2205,2144.0,-21.0,0,0,,,,,,
2015,1,1,4,AS,82,N440AS,ANC,SEA,1750,1738.0,-12.0,7.0,1745.0,197,182.0,170.0,1448,2135.0,5.0,2207,2140.0,-27.0,0,0,,,,,,
2015,1,1,4,AS,302,N756AS,SEA,SFO,1755,1752.0,-3.0,16.0,1808.0,129,122.0,98.0,679,1946.0,8.0,2004,1954.0,-10.0,0,0,,,,,,
2015,1,1,4,AS,525,N529AS,BUR,SEA,1755,1747.0,-8.0,15.0,1802.0,159,155.0,135.0,937,2017.0,5.0,2034,2022.0,-12.0,0,0,,,,,,
2015,1,1,4,AS,562,N760AS,PDX,LAX,1755,1749.0,-6.0,10.0,1759.0,135,131.0,111.0,834,1950.0,10.0,2010,2000.0,-10.0,0,0,,,,,,
2015,1,1,4,AS,687,N618AS,DEN,SEA,1800,1848.0,48.0,28.0,1916.0,181,176.0,144.0,1024,2040.0,4.0,2001,2044.0,43.0,0,0,,0.0,0.0,0.0,43.0,0.0
2015,1,1,4,AS,328,N705AS,SEA,SJC,1810,1803.0,-7.0,14.0,1817.0,120,117.0,99.0,697,1956.0,4.0,2010,2000.0,-10.0,0,0,,,,,,
2015,1,1,4,AS,579,N792AS,SAN,PDX,1810,2050.0,160.0,17.0,2107.0,155,155.0,134.0,933,2321.0,4.0,2045,2325.0,160.0,0,0,,0.0,0.0,160.0,0.0,0.0
2015,1,1,4,AS,745,N459AS,ATL,SEA,1810,1827.0,17.0,14.0,1841.0,334,325.0,307.0,2182,2048.0,4.0,2044,2052.0,8.0,0,0,,,,,,
2015,1,1,4,AS,769,N586AS,BOS,SAN,1810,1804.0,-6.0,20.0,1824.0,410,400.0,376.0,2588,2140.0,4.0,2200,2144.0,-16.0,0,0,,,,,,
2015,1,1,4,AS,26,N320AS,SEA,ORD,1815,1806.0,-9.0,15.0,1821.0,224,225.0,203.0,1721,2344.0,7.0,2359,2351.0,-8.0,0,0,,,,,,
2015,1,1,4,AS,775,N524AS,TPA,SEA,1815,1822.0,7.0,11.0,1833.0,360,352.0,337.0,2520,2110.0,4.0,2115,2114.0,-1.0,0,0,,,,,,
2015,1,1,4,AS,331,N607AS,SFO,SEA,1825,1817.0,-8.0,16.0,1833.0,124,120.0,99.0,679,2012.0,5.0,2029,2017.0,-12.0,0,0,,,,,,
2015,1,1,4,AS,751,N303AS,STL,SEA,1825,1915.0,50.0,13.0,1928.0,268,247.0,230.0,1709,2118.0,4.0,2053,2122.0,29.0,0,0,,0.0,0.0,0.0,29.0,0.0
2015,1,1,4,AS,789,N579AS,MSY,SEA,1825,1818.0,-7.0,11.0,1829.0,295,291.0,276.0,2086,2105.0,4.0,2120,2109.0,-11.0,0,0,,,,,,
2015,1,1,4,AS,67,N644AS,SIT,JNU,1829,1827.0,-2.0,9.0,1836.0,39,36.0,23.0,95,1859.0,4.0,1908,1903.0,-5.0,0,0,,,,,,
2015,1,1,4,AS,35,N562AS,FLL,SEA,1830,1844.0,14.0,17.0,1901.0,405,388.0,366.0,2717,2207.0,5.0,2215,2212.0,-3.0,0,0,,,,,,
2015,1,1,4,AS,171,N577AS,PHX,ANC,1830,1819.0,-11.0,13.0,1832.0,375,354.0,337.0,2552,2209.0,4.0,2245,2213.0,-32.0,0,0,,,,,,
2015,1,1,4,AS,657,N593AS,SAT,SEA,1830,1838.0,8.0,8.0,1846.0,270,238.0,224.0,1774,2030.0,6.0,2100,2036.0,-24.0,0,0,,,,,,
2015,1,1,4,AS,815,N512AS,SEA,LIH,1830,1912.0,42.0,14.0,1926.0,385,375.0,355.0,2701,2321.0,6.0,2255,2327.0,32.0,0,0,,0.0,0.0,32.0,0.0,0.0
2015,1,1,4,AS,585,N627AS,SNA,PDX,1835,1823.0,-12.0,12.0,1835.0,140,145.0,130.0,859,2045.0,3.0,2055,2048.0,-7.0,0,0,,,,,,
2015,1,1,4,AS,671,N461AS,AUS,SEA,1835,1834.0,-1.0,24.0,1858.0,270,255.0,227.0,1770,2045.0,4.0,2105,2049.0,-16.0,0,0,,,,,,
2015,1,1,4,AS,715,N306AS,SLC,PDX,1835,1827.0,-8.0,14.0,1841.0,110,111.0,92.0,630,1913.0,5.0,1925,1918.0,-7.0,0,0,,,,,,
2015,1,1,4,AS,3,N536AS,DCA,SEA,1840,1828.0,-12.0,20.0,1848.0,366,365.0,334.0,2329,2122.0,11.0,2146,2133.0,-13.0,0,0,,,,,,
2015,1,1,4,AS,15,N526AS,BOS,SEA,1840,1838.0,-2.0,15.0,1853.0,395,406.0,385.0,2496,2218.0,6.0,2215,2224.0,9.0,0,0,,,,,,
2015,1,1,4,AS,109,N556AS,SEA,ANC,1840,1847.0,7.0,10.0,1857.0,225,209.0,195.0,1448,2112.0,4.0,2125,2116.0,-9.0,0,0,,,,,,
2015,1,1,4,AS,69,N769AS,SEA,KTN,1845,1842.0,-3.0,11.0,1853.0,124,123.0,108.0,680,1941.0,4.0,1949,1945.0,-4.0,0,0,,,,,,
2015,1,1,4,AS,547,N431AS,ONT,SEA,1845,1929.0,44.0,8.0,1937.0,154,147.0,135.0,956,2152.0,4.0,2119,2156.0,37.0,0,0,,0.0,0.0,0.0,37.0,0.0
2015,1,1,4,AS,551,N551AS,PSP,SEA,1845,1840.0,-5.0,8.0,1848.0,165,151.0,140.0,987,2108.0,3.0,2130,2111.0,-19.0,0,0,,,,,,
2015,1,1,4,AS,19,N546AS,MCO,SEA,1850,1845.0,-5.0,18.0,1903.0,384,386.0,363.0,2554,2206.0,5.0,2214,2211.0,-3.0,0,0,,,,,,
2015,1,1,4,AS,459,N433AS,LAX,SEA,1850,1844.0,-6.0,15.0,1859.0,160,163.0,140.0,954,2119.0,8.0,2130,2127.0,-3.0,0,0,,,,,,
2015,1,1,4,AS,510,N553AS,SEA,SNA,1850,2021.0,91.0,12.0,2033.0,149,135.0,120.0,978,2233.0,3.0,2119,2236.0,77.0,0,0,,0.0,0.0,77.0,0.0,0.0
2015,1,1,4,AS,50,N768AS,BRW,ANC,1855,1900.0,5.0,10.0,1910.0,112,105.0,92.0,725,2042.0,3.0,2047,2045.0,-2.0,0,0,,,,,,
2015,1,1,4,AS,300,N613AS,SEA,SFO,1855,1848.0,-7.0,21.0,1909.0,128,131.0,101.0,679,2050.0,9.0,2103,2059.0,-4.0,0,0,,,,,,
2015,1,1,4,AS,386,N706AS,PDX,SFO,1855,1852.0,-3.0,10.0,1902.0,116,117.0,83.0,550,2025.0,24.0,2051,2049.0,-2.0,0,0,,,,,,
2015,1,1,4,AS,464,N523AS,SEA,LAX,1855,1844.0,-11.0,19.0,1903.0,152,157.0,124.0,954,2107.0,14.0,2127,2121.0,-6.0,0,0,,,,,,
2015,1,1,4,AS,616,N413AS,SEA,LAS,1855,1844.0,-11.0,28.0,1912.0,141,149.0,113.0,867,2105.0,8.0,2116,2113.0,-3.0,0,0,,,,,,
2015,1,1,4,AS,102,N619AS,ANC,SEA,1910,1901.0,-9.0,14.0,1915.0,203,189.0,170.0,1448,2305.0,5.0,2333,2310.0,-23.0,0,0,,,,,,
2015,1,1,4,AS,611,N520AS,LAS,SEA,1910,1859.0,-11.0,19.0,1918.0,155,157.0,135.0,867,2133.0,3.0,2145,2136.0,-9.0,0,0,,,,,,
2015,1,1,4,AS,326,N609AS,SEA,SJC,1915,1915.0,0.0,14.0,1929.0,123,116.0,98.0,697,2107.0,4.0,2118,2111.0,-7.0,0,0,,,,,,
2015,1,1,4,AS,893,N535AS,SEA,HNL,1920,1919.0,-1.0,22.0,1941.0,392,383.0,355.0,2677,2336.0,6.0,2352,2342.0,-10.0,0,0,,,,,,
2015,1,1,4,AS,368,N708AS,SEA,SMF,1925,1920.0,-5.0,13.0,1933.0,104,96.0,78.0,605,2051.0,5.0,2109,2056.0,-13.0,0,0,,,,,,
2015,1,1,4,AS,645,N409AS,PHX,SEA,1925,1932.0,7.0,15.0,1947.0,180,172.0,153.0,1107,2120.0,4.0,2125,2124.0,-1.0,0,0,,,,,,
2015,1,1,4,AS,21,N407AS,ORD,SEA,1930,1934.0,4.0,21.0,1955.0,280,266.0,239.0,1721,2154.0,6.0,2210,2200.0,-10.0,0,0,,,,,,
2015,1,1,4,AS,129,N469AS,SEA,FAI,1930,1929.0,-1.0,17.0,1946.0,232,223.0,202.0,1533,2208.0,4.0,2222,2212.0,-10.0,0,0,,,,,,
2015,1,1,4,AS,341,N795AS,SFO,SEA,1935,2035.0,60.0,14.0,2049.0,122,120.0,101.0,679,2230.0,5.0,2137,2235.0,58.0,0,0,,0.0,0.0,0.0,58.0,0.0
2015,1,1,4,AS,598,N403AS,PDX,SAN,1935,1925.0,-10.0,10.0,1935.0,139,135.0,122.0,933,2137.0,3.0,2154,2140.0,-14.0,0,0,,,,,,
2015,1,1,4,AS,630,N797AS,SEA,PHX,1935,1931.0,-4.0,16.0,1947.0,159,162.0,140.0,1107,2307.0,6.0,2314,2313.0,-1.0,0,0,,,,,,
2015,1,1,4,AS,640,N548AS,PDX,PHX,1935,1930.0,-5.0,10.0,1940.0,150,149.0,134.0,1009,2254.0,5.0,2305,2259.0,-6.0,0,0,,,,,,
2015,1,1,4,AS,678,N625AS,SEA,DEN,1935,1930.0,-5.0,9.0,1939.0,141,148.0,134.0,1024,2253.0,5.0,2256,2258.0,2.0,0,0,,,,,,
2015,1,1,4,AS,149,N442AS,LAX,ANC,1940,1936.0,-4.0,27.0,2003.0,345,349.0,318.0,2345,21.0,4.0,25,25.0,0.0,0,0,,,,,,
2015,1,1,4,AS,469,N462AS,LAX,SEA,1940,1933.0,-7.0,32.0,2005.0,160,181.0,139.0,954,2224.0,10.0,2220,2234.0,14.0,0,0,,,,,,
2015,1,1,4,AS,524,N592AS,SEA,BUR,1940,1935.0,-5.0,20.0,1955.0,138,140.0,116.0,937,2151.0,4.0,2158,2155.0,-3.0,0,0,,,,,,
2015,1,1,4,AS,99,N528AS,SEA,ANC,1945,1941.0,-4.0,13.0,1954.0,225,220.0,203.0,1448,2217.0,4.0,2230,2221.0,-9.0,0,0,,,,,,
2015,1,1,4,AS,567,N318AS,LAX,PDX,1950,1942.0,-8.0,10.0,1952.0,144,132.0,118.0,834,2150.0,4.0,2214,2154.0,-20.0,0,0,,,,,,
2015,1,1,4,AS,667,N457AS,DFW,SEA,1950,2038.0,48.0,32.0,2110.0,270,256.0,220.0,1660,2250.0,4.0,2220,2254.0,34.0,0,0,,0.0,0.0,0.0,34.0,0.0
2015,1,1,4,AS,239,N530AS,SAN,SEA,1955,1953.0,-2.0,12.0,2005.0,178,168.0,148.0,1050,2233.0,8.0,2253,2241.0,-12.0,0,0,,,,,,
2015,1,1,4,AS,456,N408AS,SEA,LAX,1955,1956.0,1.0,14.0,2010.0,150,145.0,119.0,954,2209.0,12.0,2225,2221.0,-4.0,0,0,,,,,,
2015,1,1,4,AS,484,N552AS,SEA,SAN,1955,1949.0,-6.0,10.0,1959.0,160,147.0,134.0,1050,2213.0,3.0,2235,2216.0,-19.0,0,0,,,,,,
2015,1,1,4,AS,533,N622AS,PSP,SEA,1955,1943.0,-12.0,9.0,1952.0,160,153.0,140.0,987,2212.0,4.0,2235,2216.0,-19.0,0,0,,,,,,
2015,1,1,4,AS,818,N558AS,SMF,SEA,1955,2000.0,5.0,22.0,2022.0,121,123.0,94.0,605,2156.0,7.0,2156,2203.0,7.0,0,0,,,,,,
2015,1,1,4,AS,66,N644AS,JNU,SEA,2010,1956.0,-14.0,13.0,2009.0,138,131.0,108.0,909,2257.0,10.0,2328,2307.0,-21.0,0,0,,,,,,
2015,1,1,4,AS,566,N581AS,PDX,LAX,2020,2033.0,13.0,7.0,2040.0,142,121.0,110.0,834,2230.0,4.0,2242,2234.0,-8.0,0,0,,,,,,
2015,1,1,4,AS,654,N767AS,SEA,PHX,2025,2016.0,-9.0,13.0,2029.0,154,155.0,139.0,1107,2348.0,3.0,2359,2351.0,-8.0,0,0,,,,,,
2015,1,1,4,AS,235,N319AS,SFO,PDX,2030,2037.0,7.0,16.0,2053.0,99,101.0,81.0,550,2214.0,4.0,2209,2218.0,9.0,0,0,,,,,,
2015,1,1,4,AS,69,N769AS,KTN,JNU,2034,2015.0,-19.0,13.0,2028.0,66,63.0,46.0,234,2114.0,4.0,2140,2118.0,-22.0,0,0,,,,,,
2015,1,1,4,AS,681,N607AS,SEA,DEN,2035,2058.0,23.0,10.0,2108.0,141,144.0,129.0,1024,17.0,5.0,2356,22.0,26.0,0,0,,3.0,0.0,23.0,0.0,0.0
2015,1,1,4,AS,223,N315AS,SFO,SEA,2045,2121.0,36.0,25.0,2146.0,116,129.0,97.0,679,2323.0,7.0,2241,2330.0,49.0,0,0,,13.0,0.0,0.0,36.0,0.0
2015,1,1,4,AS,95,N323AS,SEA,ANC,2050,2048.0,-2.0,12.0,2100.0,230,219.0,200.0,1448,2320.0,7.0,2340,2327.0,-13.0,0,0,,,,,,
2015,1,1,4,AS,404,N516AS,PDX,SJC,2050,2044.0,-6.0,9.0,2053.0,100,94.0,80.0,569,2213.0,5.0,2230,2218.0,-12.0,0,0,,,,,,
2015,1,1,4,AS,145,N471AS,PDX,ANC,2055,2050.0,-5.0,10.0,2100.0,251,227.0,213.0,1542,2333.0,4.0,6,2337.0,-29.0,0,0,,,,,,
2015,1,1,4,AS,450,N525AS,SEA,LAX,2055,2044.0,-11.0,11.0,2055.0,150,137.0,118.0,954,2253.0,8.0,2325,2301.0,-24.0,0,0,,,,,,
2015,1,1,4,AS,534,N468AS,SEA,ONT,2055,2102.0,7.0,11.0,2113.0,144,132.0,117.0,956,2310.0,4.0,2319,2314.0,-5.0,0,0,,,,,,
2015,1,1,4,AS,710,N705AS,SJC,SLC,2055,2045.0,-10.0,8.0,2053.0,110,105.0,92.0,584,2325.0,5.0,2345,2330.0,-15.0,0,0,,,,,,
2015,1,1,4,AS,744,N756AS,SFO,SLC,2055,2047.0,-8.0,14.0,2101.0,110,105.0,88.0,599,2329.0,3.0,2345,2332.0,-13.0,0,0,,,,,,
2015,1,1,4,AS,463,N760AS,LAX,SEA,2105,2057.0,-8.0,13.0,2110.0,170,160.0,143.0,954,2333.0,4.0,2355,2337.0,-18.0,0,0,,,,,,
2015,1,1,4,AS,717,N590AS,SAN,SLC,2105,2048.0,-17.0,39.0,2127.0,112,139.0,97.0,626,4.0,3.0,2357,7.0,10.0,0,0,,,,,,
2015,1,1,4,AS,461,N307AS,SEA,BLI,2115,2112.0,-3.0,23.0,2135.0,39,56.0,30.0,93,2205.0,3.0,2154,2208.0,14.0,0,0,,,,,,
2015,1,1,4,AS,486,N563AS,SEA,SAN,2120,2114.0,-6.0,14.0,2128.0,158,149.0,131.0,1050,2339.0,4.0,2358,2343.0,-15.0,0,0,,,,,,
2015,1,1,4,AS,350,N529AS,SEA,OAK,2125,2120.0,-5.0,18.0,2138.0,115,119.0,95.0,671,2313.0,6.0,2320,2319.0,-1.0,0,0,,,,,,
2015,1,1,4,AS,384,N514AS,PDX,SFO,2125,2130.0,5.0,11.0,2141.0,113,103.0,81.0,550,2302.0,11.0,2318,2313.0,-5.0,0,0,,,,,,
2015,1,1,4,AS,608,N611AS,SEA,LAS,2135,2132.0,-3.0,10.0,2142.0,135,130.0,111.0,867,2333.0,9.0,2350,2342.0,-8.0,0,0,,,,,,
2015,1,1,4,AS,386,N706AS,SFO,PSP,2138,2125.0,-13.0,11.0,2136.0,81,76.0,61.0,421,2237.0,4.0,2259,2241.0,-18.0,0,0,,,,,,
2015,1,1,4,AS,106,N768AS,ANC,SEA,2140,2130.0,-10.0,5.0,2135.0,201,180.0,173.0,1448,128.0,2.0,201,130.0,-31.0,0,0,,,,,,
2015,1,1,4,AS,694,N317AS,SEA,GEG,2140,2139.0,-1.0,19.0,2158.0,54,57.0,34.0,224,2232.0,4.0,2234,2236.0,2.0,0,0,,,,,,
2015,1,1,4,AS,731,N423AS,SEA,ANC,2140,2140.0,0.0,11.0,2151.0,239,218.0,203.0,1448,14.0,4.0,39,18.0,-21.0,0,0,,,,,,
2015,1,1,4,AS,871,N570AS,HNL,ANC,2150,2152.0,2.0,20.0,2212.0,377,351.0,327.0,2777,439.0,4.0,507,443.0,-24.0,0,0,,,,,,
2015,1,1,4,AS,478,N703AS,SEA,LAX,2155,2142.0,-13.0,13.0,2155.0,148,138.0,119.0,954,2354.0,6.0,23,2400.0,-23.0,0,0,,,,,,
2015,1,1,4,AS,601,N413AS,LAS,SEA,2158,2150.0,-8.0,11.0,2201.0,151,145.0,129.0,867,10.0,5.0,29,15.0,-14.0,0,0,,,,,,
2015,1,1,4,AS,24,N569AS,SEA,BOS,2205,2202.0,-3.0,16.0,2218.0,315,294.0,270.0,2496,548.0,8.0,620,556.0,-24.0,0,0,,,,,,
2015,1,1,4,AS,143,N467AS,PDX,ANC,2210,2208.0,-2.0,7.0,2215.0,248,229.0,214.0,1542,49.0,8.0,118,57.0,-21.0,0,0,,,,,,
2015,1,1,4,AS,70,N788AS,JNU,SIT,2217,2156.0,-21.0,21.0,2217.0,42,49.0,25.0,95,2242.0,3.0,2259,2245.0,-14.0,0,0,,,,,,
2015,1,1,4,AS,473,N435AS,LAX,SEA,2225,2327.0,62.0,14.0,2341.0,161,159.0,140.0,954,201.0,5.0,106,206.0,60.0,0,0,,0.0,0.0,0.0,60.0,0.0
2015,1,1,4,AS,414,N533AS,SEA,PDX,2230,2227.0,-3.0,22.0,2249.0,45,51.0,25.0,129,2314.0,4.0,2315,2318.0,3.0,0,0,,,,,,
2015,1,1,4,AS,882,N517AS,OGG,SEA,2235,2226.0,-9.0,16.0,2242.0,345,327.0,307.0,2640,549.0,4.0,620,553.0,-27.0,0,0,,,,,,
2015,1,1,4,AS,89,N459AS,SEA,ANC,2300,2255.0,-5.0,11.0,2306.0,235,215.0,200.0,1448,126.0,4.0,155,130.0,-25.0,0,0,,,,,,
2015,1,1,4,AS,698,N303AS,SEA,GEG,2300,2300.0,0.0,17.0,2317.0,57,57.0,35.0,224,2352.0,5.0,2357,2357.0,0.0,0,0,,,,,,
2015,1,1,4,AS,138,N584AS,ANC,ORD,2305,2259.0,-6.0,18.0,2317.0,375,389.0,320.0,2846,737.0,51.0,820,828.0,8.0,0,0,,,,,,
2015,1,1,4,AS,822,N597AS,OGG,PDX,2305,2249.0,-16.0,9.0,2258.0,330,310.0,287.0,2562,545.0,14.0,635,559.0,-36.0,0,0,,,,,,
2015,1,1,4,AS,866,N513AS,KOA,SEA,2305,11.0,66.0,16.0,27.0,360,334.0,312.0,2688,739.0,6.0,705,745.0,40.0,0,0,,0.0,0.0,0.0,40.0,0.0
2015,1,1,4,AS,127,N461AS,SEA,FAI,2310,2309.0,-1.0,11.0,2320.0,249,219.0,204.0,1533,144.0,4.0,219,148.0,-31.0,0,0,,,,,,
2015,1,1,4,AS,174,N556AS,ANC,LAS,2320,2313.0,-7.0,16.0,2329.0,310,291.0,268.0,2304,457.0,7.0,530,504.0,-26.0,0,0,,,,,,
2015,1,1,4,AS,167,N713AS,ANC,FAI,2335,2327.0,-8.0,12.0,2339.0,64,55.0,40.0,261,19.0,3.0,39,22.0,-17.0,0,0,,,,,,
2015,1,1,4,AS,150,N528AS,ANC,LAX,2340,2332.0,-8.0,15.0,2347.0,320,295.0,273.0,2345,520.0,7.0,600,527.0,-33.0,0,0,,,,,,
2015,1,1,4,AS,898,N519AS,HNL,BLI,2340,2333.0,-7.0,21.0,2354.0,363,342.0,316.0,2715,710.0,5.0,743,715.0,-28.0,0,0,,,,,,
2015,1,1,4,AS,121,N799AS,SEA,ANC,2350,2346.0,-4.0,13.0,2359.0,230,225.0,209.0,1448,228.0,3.0,240,231.0,-9.0,0,0,,,,,,
2015,1,1,4,AS,668,N409AS,SEA,DFW,2350,2349.0,-1.0,19.0,8.0,220,233.0,207.0,1660,535.0,7.0,530,542.0,12.0,0,0,,,,,,
2015,1,1,4,AS,20,N594AS,SEA,MSP,2355,2351.0,-4.0,10.0,1.0,195,186.0,171.0,1399,452.0,5.0,510,457.0,-13.0,0,0,,,,,,
2015,1,1,4,AS,165,N532AS,LAS,ANC,2355,2353.0,-2.0,13.0,6.0,345,329.0,310.0,2304,416.0,6.0,440,422.0,-18.0,0,0,,,,,,
2015,1,1,4,AS,816,N512AS,LIH,SEA,2355,20.0,25.0,18.0,38.0,345,330.0,304.0,2701,742.0,8.0,740,750.0,10.0,0,0,,,,,,
